subject,session,run,channel,mean_uV,std_uV,invalid_samples,flat_channel
1,0,0R1acquisition,EMGg,7571.58622629607,3481.740642229396,0,False
1,0,0R1acquisition,EMGd,-130.9464629959736,2933.514487157136,0,False
1,0,1R2acquisition,EMGg,16984.786208515256,1411.2014195973811,0,False
1,0,1R2acquisition,EMGd,8090.57484126255,1537.692764151371,0,False
1,0,2R3online,EMGg,13835.828794242656,1704.0206389141815,0,False
1,0,2R3online,EMGd,9017.753466351547,1347.8292178569495,0,False
1,0,3R4online,EMGg,17952.01061418944,1103.8369850433764,0,False
1,0,3R4online,EMGd,13075.940859005774,1171.0837852606755,0,False
1,0,4R5online,EMGg,15147.655130408595,1746.5188185140298,0,False
1,0,4R5online,EMGd,9527.2992472982,1771.0731491498009,0,False
1,0,5R6online,EMGg,16341.82558782337,1636.4098214728422,0,False
1,0,5R6online,EMGd,10952.810506580576,2321.0593522497397,0,False
2,0,0R1acquisition,EMGg,-17998.606533134676,1077.3248093228074,0,False
2,0,0R1acquisition,EMGd,8701.12302373835,489.9276964046114,0,False
2,0,1R2acquisition,EMGg,-16581.48554402737,1444.0462760962023,0,False
2,0,1R2acquisition,EMGd,2447.388863895581,744.2534803576334,0,False
2,0,2R3online,EMGg,-18594.31727946521,2190.1255627457854,0,False
2,0,2R3online,EMGd,8386.842854232782,2155.0539440058947,0,False
2,0,3R4online,EMGg,-18298.520644524557,2816.437884493158,0,False
2,0,3R4online,EMGd,4738.493013364629,1129.8491927968505,0,False
2,0,4R5online,EMGg,-17755.378293617196,2227.60035101967,0,False
2,0,4R5online,EMGd,9520.139517617046,1975.13380927028,0,False
2,0,5R6online,EMGg,-16378.274462314186,2715.841479317583,0,False
2,0,5R6online,EMGd,5306.714365012816,1502.4929968221147,0,False
3,0,0R1acquisition,EMGg,11208.598985051172,2585.313379280327,0,False
3,0,0R1acquisition,EMGd,15803.321425736616,3201.524056521252,0,False
3,0,1R2acquisition,EMGg,15918.766454415272,1487.1284278923956,0,False
3,0,1R2acquisition,EMGd,23380.979032594954,2001.4127949067877,0,False
3,0,2R3online,EMGg,16162.370559556104,1374.813707915452,0,False
3,0,2R3online,EMGd,21984.81256661569,2333.718719029529,0,False
3,0,3R4online,EMGg,17261.76570710693,1453.2353965779382,0,False
3,0,3R4online,EMGd,22011.86970655476,3182.164555099649,0,False
3,0,4R5online,EMGg,17743.93400032834,1697.2415995297006,0,False
3,0,4R5online,EMGd,20805.738338081308,3004.7463419624696,0,False
3,0,5R6online,EMGg,18173.477500945555,2114.033703858081,0,False
3,0,5R6online,EMGd,21990.796865133503,3163.977948025917,0,False
4,0,0R1acquisition,EMGg,13085.302792612158,888.8154941994871,0,False
4,0,0R1acquisition,EMGd,18121.47918705236,1201.792738767112,0,False
4,0,1R2acquisition,EMGg,14915.127275447874,1707.5530186316398,0,False
4,0,1R2acquisition,EMGd,19254.42801672368,1755.6322503886115,0,False
4,0,2R3online,EMGg,18398.03815729568,2552.408820262081,0,False
4,0,2R3online,EMGd,19249.804704078957,3404.981638225992,0,False
4,0,3R4online,EMGg,11805.431337866274,1448.3349636305272,0,False
4,0,3R4online,EMGd,19695.35189328525,1489.5826635182848,0,False
4,0,4R5online,EMGg,10976.092172991644,3244.094715490873,0,False
4,0,4R5online,EMGd,19001.80019962822,3447.2012438666025,0,False
4,0,5R6online,EMGg,9284.250342852414,1968.5695804437653,0,False
4,0,5R6online,EMGd,19536.7516051914,1969.348394312829,0,False
5,0,0R1acquisition,EMGg,5583.303745947949,2233.0293056439004,0,False
5,0,0R1acquisition,EMGd,-1046.8989124562738,2074.0313257113994,0,False
5,0,1R2acquisition,EMGg,5039.345295963413,1124.276848322034,0,False
5,0,1R2acquisition,EMGd,-201.6455056209906,1897.3837154051964,0,False
5,0,2R3online,EMGg,2641.124803158277,814.8217517199943,0,False
5,0,2R3online,EMGd,-1608.318595406622,515.23693118034,0,False
5,0,3R4online,EMGg,312.1416144432666,1023.6089483809192,0,False
5,0,3R4online,EMGd,1504.4091411099523,1905.895806482887,0,False
5,0,4R5online,EMGg,-2868.04009081686,1047.034266714055,0,False
5,0,4R5online,EMGd,2926.4544749226598,1388.580418376113,0,False
5,0,5R6online,EMGg,-3126.6127422630043,1170.2432460866437,0,False
5,0,5R6online,EMGd,2941.14719522918,578.0956267537734,0,False
6,0,0R1acquisition,EMGg,-2877.7787858928805,3640.503683491205,0,False
6,0,0R1acquisition,EMGd,-7997.741956940456,1890.431583723878,0,False
6,0,1R2acquisition,EMGg,2903.242106957216,1123.4446645218443,0,False
6,0,1R2acquisition,EMGd,-458.4432392240113,1655.6135056667677,0,False
6,0,2R3online,EMGg,5168.905361850749,507.8237805226701,0,False
6,0,2R3online,EMGd,-2940.903578369372,569.1517889270679,0,False
6,0,3R4online,EMGg,5597.407717175119,1214.3192424996907,0,False
6,0,3R4online,EMGd,-3228.9353479008205,270.89019264397115,0,False
6,0,4R5online,EMGg,6825.149212927459,387.2400168903152,0,False
6,0,4R5online,EMGd,2721.9549614983102,970.8484584183848,0,False
6,0,5R6online,EMGg,6697.187187444518,359.78631780967777,0,False
6,0,5R6online,EMGd,5111.724305377701,304.0093228489524,0,False
7,0,0R1acquisition,EMGg,-2650.670494886236,1787.4010353397132,0,False
7,0,0R1acquisition,EMGd,-12652.81439121485,1151.6920596243365,0,False
7,0,1R2acquisition,EMGg,-1649.7163792470365,1107.5701284810143,0,False
7,0,1R2acquisition,EMGd,-9124.138712554422,736.4541465290864,0,False
7,0,2R3online,EMGg,-5452.58165918419,3020.1124080181107,0,False
7,0,2R3online,EMGd,-8043.625296081694,805.1745283478158,0,False
7,0,3R4online,EMGg,-2135.974773209873,1876.6494871647212,0,False
7,0,3R4online,EMGd,-6257.538191634264,491.18443525138935,0,False
7,0,4R5online,EMGg,-752.2597002688648,402.7511251138969,0,False
7,0,4R5online,EMGd,-8019.073528184661,479.765204678359,0,False
7,0,5R6online,EMGg,-113.07418929540547,708.9477532507512,0,False
7,0,5R6online,EMGd,-9435.94230453365,210.67561491832237,0,False
8,0,0R1acquisition,EMGg,-5396.096957143662,873.3508108610158,0,False
8,0,0R1acquisition,EMGd,-4027.887683794398,1017.4440110117348,0,False
8,0,1R2acquisition,EMGg,-6346.7797561157895,2000.8682899623825,0,False
8,0,1R2acquisition,EMGd,-6538.847402860831,2417.5398661489453,0,False
8,0,2R3online,EMGg,-7980.336286693702,1285.3219624330957,0,False
8,0,2R3online,EMGd,-9486.944715377216,983.650764462112,0,False
8,0,3R4online,EMGg,-6077.027981364929,2113.93945964382,0,False
8,0,3R4online,EMGd,-7551.384832702249,2914.9181232874944,0,False
8,0,4R5online,EMGg,-3240.70622944748,1380.608539673217,0,False
8,0,4R5online,EMGd,-3755.676705575333,1565.6819065575028,0,False
8,0,5R6online,EMGg,-2991.478113600384,1438.5208400911597,0,False
8,0,5R6online,EMGd,-3142.0245411128126,1054.702525169305,0,False
9,0,0R1acquisition,EMGg,10707.25547137448,482.0652189968211,0,False
9,0,0R1acquisition,EMGd,10407.90214366286,1019.4176703150456,0,False
9,0,1R2acquisition,EMGg,10210.07899815814,427.88073875093295,0,False
9,0,1R2acquisition,EMGd,12390.24088800341,522.8924959461301,0,False
9,0,2R3online,EMGg,5822.490564213952,280.891008561383,0,False
9,0,2R3online,EMGd,9715.563667022769,423.12675326371175,0,False
9,0,3R4online,EMGg,5455.6702658314425,246.62471614036053,0,False
9,0,3R4online,EMGd,9259.951764926362,416.62940040648255,0,False
9,0,4R5online,EMGg,4887.228850594223,229.63217466471616,0,False
9,0,4R5online,EMGd,8259.043098346947,405.78551705277465,0,False
9,0,5R6online,EMGg,4477.546266774553,200.94414126510347,0,False
9,0,5R6online,EMGd,7169.619453813209,342.2742832251324,0,False
10,0,0R1acquisition,EMGg,9605.070691059402,481.0290539514816,0,False
10,0,0R1acquisition,EMGd,13332.66441848351,1104.371522340364,0,False
10,0,1R2acquisition,EMGg,9326.171821072185,461.8703491053439,0,False
10,0,1R2acquisition,EMGd,13561.2772344001,664.6927259487243,0,False
10,0,2R3online,EMGg,7666.836164536774,446.3565365567257,0,False
10,0,2R3online,EMGd,9705.40757790626,879.6156583244929,0,False
10,0,3R4online,EMGg,5023.267164972383,2832.2184748326968,0,False
10,0,3R4online,EMGd,6403.940320678244,3497.996541024402,0,False
10,0,4R5online,EMGg,6874.618179388187,530.7222202136568,0,False
10,0,4R5online,EMGd,8913.232085048998,1228.450477353903,0,False
10,0,5R6online,EMGg,6277.911581115016,503.0080064636621,0,False
10,0,5R6online,EMGd,8132.578085120784,1396.8410304662907,0,False
11,0,0R1acquisition,EMGg,-108.8131210145499,1856.4600523707004,0,False
11,0,0R1acquisition,EMGd,-1521.1111077756564,564.6098107496831,0,False
11,0,1R2acquisition,EMGg,2551.054063780791,373.94032372436266,0,False
11,0,1R2acquisition,EMGd,-1055.8499714284656,502.3101532974281,0,False
11,0,2R3online,EMGg,4308.842906890756,1330.0712730856994,0,False
11,0,2R3online,EMGd,113.97441788930112,490.7994633897158,0,False
11,0,3R4online,EMGg,5953.8640913811405,385.7833052721336,0,False
11,0,3R4online,EMGd,196.97740216561732,162.6635756934731,0,False
11,0,4R5online,EMGg,6511.005077762133,435.433617308922,0,False
11,0,4R5online,EMGd,677.6433859259973,241.3942040397393,0,False
11,0,5R6online,EMGg,7844.407786498831,790.9810081233577,0,False
11,0,5R6online,EMGd,597.4806182714152,495.86287893598046,0,False
12,0,0R1acquisition,EMGg,-14876.110569523307,734.9813997087261,0,False
12,0,0R1acquisition,EMGd,-11097.427306405778,580.6743353333186,0,False
12,0,1R2acquisition,EMGg,-14715.46284033362,728.5472523082808,0,False
12,0,1R2acquisition,EMGd,-10604.806251157115,518.9284690649791,0,False
12,0,2R3online,EMGg,-15250.137829042464,682.5104368509285,0,False
12,0,2R3online,EMGd,-10644.815193210812,474.9232038116155,0,False
12,0,3R4online,EMGg,-16531.577907051455,960.943099642411,0,False
12,0,3R4online,EMGd,-12483.768468676608,768.9146106138702,0,False
12,0,4R5online,EMGg,-16844.002981204027,992.1770031549364,0,False
12,0,4R5online,EMGd,-12002.49509609633,587.6486363114867,0,False
12,0,5R6online,EMGg,-16667.841529387893,839.9398161205147,0,False
12,0,5R6online,EMGd,-12179.629389264364,616.9059294055546,0,False
13,0,0R1acquisition,EMGg,61322.2307040932,3024.456954020018,0,False
13,0,0R1acquisition,EMGd,58005.59043695076,3325.101933476444,0,False
13,0,1R2acquisition,EMGg,59605.489258934496,2939.0293447729728,0,False
13,0,1R2acquisition,EMGd,58068.27329237449,2903.145665271931,0,False
13,0,2R3online,EMGg,58095.16807295116,2838.053740812857,0,False
13,0,2R3online,EMGd,58858.71393556485,3249.49171068669,0,False
13,0,3R4online,EMGg,57806.40734861822,2819.12377542814,0,False
13,0,3R4online,EMGd,59270.797066346975,3058.788907215416,0,False
13,0,4R5online,EMGg,57281.50910007314,2794.8658862013563,0,False
13,0,4R5online,EMGd,59517.50427738361,2985.890362122323,0,False
13,0,5R6online,EMGg,-7028.40672953077,4530.245398576437,0,False
13,0,5R6online,EMGd,1089.3949623104563,6853.222511401687,0,False
14,0,0R1acquisition,EMGg,-4087.718054739213,2993.538986200308,0,False
14,0,0R1acquisition,EMGd,9242.653983409386,3906.610192860509,0,False
14,0,1R2acquisition,EMGg,-78.7414306173462,5062.969800055726,0,False
14,0,1R2acquisition,EMGd,13015.424261905997,5529.452536002373,0,False
14,0,2R3online,EMGg,-7028.40672953077,4530.245398576437,0,False
14,0,2R3online,EMGd,1089.3949623104563,6853.222511401687,0,False
14,0,3R4online,EMGg,-853.1466607093586,2217.5083611565387,0,False
14,0,3R4online,EMGd,8644.469529925364,2421.659067649665,0,False
14,0,4R5online,EMGg,-1520.1520951834857,3140.250947094486,0,False
14,0,4R5online,EMGd,6771.378158906515,4288.126480957861,0,False
14,0,5R6online,EMGg,1166.6987338119775,1808.8372090771973,0,False
14,0,5R6online,EMGd,9409.940890957278,1878.986376750498,0,False
15,0,0R1acquisition,EMGg,-7031.649916920146,1118.9788319004897,0,False
15,0,0R1acquisition,EMGd,-4629.022001926209,2557.666062760896,0,False
15,0,1R2acquisition,EMGg,-5125.3867287140365,407.5469512370087,0,False
15,0,1R2acquisition,EMGd,-794.4979864706128,411.670921858265,0,False
15,0,2R3online,EMGg,-4567.292496987717,375.8268338557254,0,False
15,0,2R3online,EMGd,43.83580751430884,147.7343662874435,0,False
15,0,3R4online,EMGg,-4297.633609387282,1181.161869678303,0,False
15,0,3R4online,EMGd,-1552.1859227102375,1815.1215385814896,0,False
15,0,4R5online,EMGg,-7905.769868078113,7487.08410899691,0,False
15,0,4R5online,EMGd,-7760.338991045763,8305.035865372472,0,False
15,0,5R6online,EMGg,-4571.950172348218,4061.81311574732,0,False
15,0,5R6online,EMGd,-3341.5716381268744,4063.489145196773,0,False
16,0,0R1acquisition,EMGg,-4773.37319795833,475.49225406636,0,False
16,0,0R1acquisition,EMGd,-2446.261824065936,634.5036465369651,0,False
16,0,1R2acquisition,EMGg,-2795.708648321031,581.2516305210396,0,False
16,0,1R2acquisition,EMGd,57.90503650202546,450.5628273401866,0,False
16,0,2R3online,EMGg,-279.7922477595702,846.9168404333319,0,False
16,0,2R3online,EMGd,2810.096155740889,384.3291284265979,0,False
16,0,3R4online,EMGg,1258.2189376180638,540.8205064563343,0,False
16,0,3R4online,EMGd,3602.2310157992224,430.3192981830821,0,False
16,0,4R5online,EMGg,1454.6559934298218,475.78499214123934,0,False
16,0,4R5online,EMGd,4175.129042003677,303.0454769771406,0,False
16,0,5R6online,EMGg,1977.210553845864,553.838499081321,0,False
16,0,5R6online,EMGd,3868.5467727980895,564.6356472754576,0,False
17,0,0R1acquisition,EMGg,4533.261690336162,2890.185549706406,0,False
17,0,0R1acquisition,EMGd,12880.79275809286,3233.624803026006,0,False
17,0,1R2acquisition,EMGg,7913.002072808589,946.0442053217738,0,False
17,0,1R2acquisition,EMGd,15266.392405164066,918.6096862988328,0,False
17,0,2R3online,EMGg,7178.467161350412,1107.8468094090765,0,False
17,0,2R3online,EMGd,14296.77047372925,1147.1990345577528,0,False
17,0,3R4online,EMGg,6148.840827806491,703.8598798609806,0,False
17,0,3R4online,EMGd,13773.828407394316,966.928735736741,0,False
17,0,4R5online,EMGg,6152.283593508177,573.1678895100082,0,False
17,0,4R5online,EMGd,11656.396419373132,740.4098726240265,0,False
17,0,5R6online,EMGg,5496.234029146699,476.0944926836692,0,False
17,0,5R6online,EMGd,10129.296423876154,593.4707905168569,0,False
18,0,0R1acquisition,EMGg,-16439.38263028128,2172.029939393376,0,False
18,0,0R1acquisition,EMGd,-10871.592904354457,1054.0185477423684,0,False
18,0,1R2acquisition,EMGg,-14478.497384496828,2665.7559970258,0,False
18,0,1R2acquisition,EMGd,-10614.45976769774,739.4151323535265,0,False
18,0,2R3online,EMGg,-9431.29113492994,860.9409663161291,0,False
18,0,2R3online,EMGd,-6648.626398931352,546.3278320204706,0,False
18,0,3R4online,EMGg,-11242.825881448998,4152.010945639673,0,False
18,0,3R4online,EMGd,-6823.371613645438,578.7432387541545,0,False
18,0,4R5online,EMGg,-9587.704533068223,5180.338880735624,0,False
18,0,4R5online,EMGd,-6610.147308088954,911.3591433955276,0,False
18,0,5R6online,EMGg,-4005.081512454312,1395.552790385579,0,False
18,0,5R6online,EMGd,-7439.253875711794,1067.2025141229378,0,False
19,0,0R1acquisition,EMGg,-327.4057429276877,204.21433168128985,0,False
19,0,0R1acquisition,EMGd,-1803.7584808634083,386.883310688735,0,False
19,0,1R2acquisition,EMGg,-58.21646608979623,176.76285869056375,0,False
19,0,1R2acquisition,EMGd,-453.8784740497678,705.6956938240138,0,False
19,0,2R3online,EMGg,1209.925205815822,149.68154912855294,0,False
19,0,2R3online,EMGd,2790.97511697771,405.3998597301256,0,False
19,0,3R4online,EMGg,580.5025136454952,285.8274301911794,0,False
19,0,3R4online,EMGd,-855.4181528000377,458.9070404100772,0,False
19,0,4R5online,EMGg,-708.7536475594808,444.2763628879573,0,False
19,0,4R5online,EMGd,762.9823772080013,525.3949932476854,0,False
19,0,5R6online,EMGg,-2319.2190646290314,525.9843868149939,0,False
19,0,5R6online,EMGd,66.0936102917574,709.9569558500806,0,False
20,0,0R1acquisition,EMGg,-5263.209534956676,451.6821200199186,0,False
20,0,0R1acquisition,EMGd,-13095.778930358769,647.4009565773407,0,False
20,0,1R2acquisition,EMGg,-4391.739427621079,306.48549647431804,0,False
20,0,1R2acquisition,EMGd,-13208.29924504382,808.347883314673,0,False
20,0,2R3online,EMGg,-3130.439244030196,823.0490361783924,0,False
20,0,2R3online,EMGd,-11815.50567393346,1113.8280622094892,0,False
20,0,3R4online,EMGg,2035.1879957342635,841.2532974538475,0,False
20,0,3R4online,EMGd,-10273.33784735974,1150.126031345962,0,False
20,0,4R5online,EMGg,2976.991409018451,327.6733530199132,0,False
20,0,4R5online,EMGd,-5655.615891225006,3063.8757387680635,0,False
20,0,5R6online,EMGg,2729.3584967778133,1109.1306544663898,0,False
20,0,5R6online,EMGd,-6778.076376566051,1361.5773849240625,0,False
21,0,0R1acquisition,EMGg,1655.3865551823644,1716.3536443899277,0,False
21,0,0R1acquisition,EMGd,4019.9256145696095,745.0513278345799,0,False
21,0,1R2acquisition,EMGg,1471.0729359137931,1838.7560332787384,0,False
21,0,1R2acquisition,EMGd,2449.5553705884017,1852.1950943324068,0,False
21,0,2R3online,EMGg,3856.405139407456,1817.1970442091188,0,False
21,0,2R3online,EMGd,4213.905963568556,2964.9425324976523,0,False
21,0,3R4online,EMGg,9773.200114114574,2369.9012430890466,0,False
21,0,3R4online,EMGd,11286.484715757804,2412.661430881264,0,False
21,0,4R5online,EMGg,13847.685791977803,2442.538943802894,0,False
21,0,4R5online,EMGd,14754.603835408529,3368.3523807215183,0,False
21,0,5R6online,EMGg,18164.347744236344,2282.6168322607973,0,False
21,0,5R6online,EMGd,19816.427892425,2916.9723123575327,0,False
22,0,0R1acquisition,EMGg,30717.54665699381,1553.7080665251517,0,False
22,0,0R1acquisition,EMGd,33476.29409231601,1732.7988926273913,0,False
22,0,1R2acquisition,EMGg,32792.49215722827,1684.9299707137536,0,False
22,0,1R2acquisition,EMGd,35818.52888393653,1803.4677259696352,0,False
22,0,2R3online,EMGg,34858.575399474386,407.9012168879066,0,False
22,0,2R3online,EMGd,38858.25749974237,142.98394237870312,0,False
22,0,3R4online,EMGg,36698.15617877668,359.59454888702675,0,False
22,0,3R4online,EMGd,40199.27504352833,222.95839643422855,0,False
22,0,4R5online,EMGg,37545.748029925744,1835.9021089959017,0,False
22,0,4R5online,EMGd,41635.92929880256,2031.757655551677,0,False
22,0,5R6online,EMGg,38927.98532910567,1953.4738169770344,0,False
22,0,5R6online,EMGd,42472.39114717103,2071.593698767273,0,False
23,0,0R1acquisition,EMGg,10512.06564133654,7425.057381151481,0,False
23,0,0R1acquisition,EMGd,7646.150710027522,3802.207196061052,0,False
23,0,1R2acquisition,EMGg,10464.801470013505,7433.148063245206,0,False
23,0,1R2acquisition,EMGd,6630.922666251733,5335.034312135883,0,False
23,0,2R3online,EMGg,8006.448602350476,4488.439746668185,0,False
23,0,2R3online,EMGd,7037.780883836495,2365.977731433622,0,False
23,0,3R4online,EMGg,13398.46814186297,4008.892227785198,0,False
23,0,3R4online,EMGd,9399.185577268106,3579.2232635985683,0,False
23,0,4R5online,EMGg,12734.66124262436,3164.619312586889,0,False
23,0,4R5online,EMGd,9202.737930438398,2293.500903449527,0,False
23,0,5R6online,EMGg,18864.373852965586,10873.642379117153,0,False
23,0,5R6online,EMGd,7977.671122076567,5228.824684009198,0,False
24,0,0R1acquisition,EMGg,8622.390801794845,454.0547907274578,0,False
24,0,0R1acquisition,EMGd,11649.881173907526,621.4082998138971,0,False
24,0,1R2acquisition,EMGg,8414.553992471348,431.3097252946615,0,False
24,0,1R2acquisition,EMGd,11705.39199255505,572.3179213250783,0,False
24,0,2R3online,EMGg,6835.573866034547,354.2356255912512,0,False
24,0,2R3online,EMGd,10266.062204136677,510.4948708931302,0,False
24,0,3R4online,EMGg,5905.062141573777,459.2445708814365,0,False
24,0,3R4online,EMGd,9545.44488057491,668.7353498199392,0,False
24,0,4R5online,EMGg,5664.685953818852,323.277703964457,0,False
24,0,4R5online,EMGd,9312.15765876169,639.9309679489351,0,False
24,0,5R6online,EMGg,5359.764565736687,298.7172261495563,0,False
24,0,5R6online,EMGd,9474.354978218327,472.5067082404963,0,False
25,0,0R1acquisition,EMGg,53826.04172005981,3142.3072027703674,0,False
25,0,0R1acquisition,EMGd,56531.54741929061,3031.4077296337387,0,False
25,0,1R2acquisition,EMGg,59482.1457393469,1361.4944258665105,0,False
25,0,1R2acquisition,EMGd,60291.78344477089,1188.0783284692825,0,False
25,0,2R3online,EMGg,59648.78566216175,3115.3380533434997,0,False
25,0,2R3online,EMGd,61536.25295438296,3131.526182823789,0,False
25,0,3R4online,EMGg,59583.27658463376,2921.5920116601765,0,False
25,0,3R4online,EMGd,61945.460525541785,3027.6657408128262,0,False
25,0,4R5online,EMGg,58339.97275529042,2933.516949736597,0,False
25,0,4R5online,EMGd,61348.69491225064,3079.140235143852,0,False
25,0,5R6online,EMGg,57692.485405102496,2891.2116409359605,0,False
25,0,5R6online,EMGd,61761.39348076654,3065.616696346577,0,False
26,0,0R1acquisition,EMGg,5192.750099518596,403.9761805775274,0,False
26,0,0R1acquisition,EMGd,919.536189163693,956.8538622038288,0,False
26,0,1R2acquisition,EMGg,4529.339317981685,320.14866973954764,0,False
26,0,1R2acquisition,EMGd,481.1983660562951,138.07987799219163,0,False
26,0,2R3online,EMGg,2712.4925408233503,271.8204004504957,0,False
26,0,2R3online,EMGd,-729.8874489823694,156.34961862150988,0,False
26,0,3R4online,EMGg,2120.939782176344,249.66916348389407,0,False
26,0,3R4online,EMGd,-944.6108622850744,139.12112474533888,0,False
26,0,4R5online,EMGg,1608.6286702630453,275.42322291120564,0,False
26,0,4R5online,EMGd,-1456.1060857649106,172.70254692464732,0,False
26,0,5R6online,EMGg,943.0417027090864,248.3767070083633,0,False
26,0,5R6online,EMGd,-1984.358280963557,199.1998533207449,0,False
27,0,0R1acquisition,EMGg,75287.81820771852,414.84141286453774,0,False
27,0,0R1acquisition,EMGd,75302.80294915865,336.4793907933333,0,False
27,0,1R2acquisition,EMGg,74080.48085087209,3709.841226572079,0,False
27,0,1R2acquisition,EMGd,73971.9287326451,3704.599072644042,0,False
27,0,2R3online,EMGg,73542.17659257152,416.6179083677903,0,False
27,0,2R3online,EMGd,73186.19399965234,374.4457657768432,0,False
27,0,3R4online,EMGg,72116.3401216306,3611.293680503582,0,False
27,0,3R4online,EMGd,71806.25944782411,3594.201982424273,0,False
27,0,4R5online,EMGg,71015.05800826766,313.26175739206747,0,False
27,0,4R5online,EMGd,70614.602373946,278.40293456519487,0,False
27,0,5R6online,EMGg,70505.61916363535,3432.2281526516435,0,False
27,0,5R6online,EMGd,69429.27803759568,3378.99027122499,0,False
28,0,0R1acquisition,EMGg,33528.11349966422,2124.6857841958536,0,False
28,0,0R1acquisition,EMGd,29666.402597331333,2949.7152381523174,0,False
28,0,1R2acquisition,EMGg,34169.37219219419,1722.1359959653807,0,False
28,0,1R2acquisition,EMGd,34988.496668234766,1998.283706191589,0,False
28,0,2R3online,EMGg,33979.45235795929,1755.4067560361264,0,False
28,0,2R3online,EMGd,34479.87900641624,1945.207878407374,0,False
28,0,3R4online,EMGg,32685.704388201742,1706.599948154908,0,False
28,0,3R4online,EMGd,32685.578465083025,1873.9710881488195,0,False
28,0,4R5online,EMGg,30353.89128878115,1738.7096974434746,0,False
28,0,4R5online,EMGd,31779.366656340768,1789.1737941817134,0,False
28,0,5R6online,EMGg,29036.284265883016,1450.4206670935737,0,False
28,0,5R6online,EMGd,29512.681060746927,1630.3829493251433,0,False
29,0,0R1acquisition,EMGg,-6513.452855959521,707.4267493589613,0,False
29,0,0R1acquisition,EMGd,-5765.61109423526,375.8703488315609,0,False
29,0,1R2acquisition,EMGg,-6858.471618995344,1860.4776228278488,0,False
29,0,1R2acquisition,EMGd,-5859.09315074122,1261.56698997415,0,False
29,0,2R3online,EMGg,-5951.740117810102,830.7281674272915,0,False
29,0,2R3online,EMGd,-6073.457459959411,829.7764814191646,0,False
29,0,3R4online,EMGg,-8175.919184140256,964.8399449605834,0,False
29,0,3R4online,EMGd,-6749.912915283446,411.39473434263823,0,False
29,0,4R5online,EMGg,-7878.203927901153,933.4494610901636,0,False
29,0,4R5online,EMGd,-6982.675938250445,880.1403131965874,0,False
29,0,5R6online,EMGg,-7701.592153581722,1550.7464054934344,0,False
29,0,5R6online,EMGd,-7529.50883034997,1165.5508208702895,0,False
30,0,0R1acquisition,EMGg,14472.664689749432,780.5685198763098,0,False
30,0,0R1acquisition,EMGd,15858.847358788613,825.2530122685465,0,False
30,0,1R2acquisition,EMGg,15970.0824896657,921.4969172752428,0,False
30,0,1R2acquisition,EMGd,16976.959990415788,924.00043233054,0,False
30,0,2R3online,EMGg,18135.734643271266,911.827879641383,0,False
30,0,2R3online,EMGd,20052.735060416773,999.329292677756,0,False
30,0,3R4online,EMGg,18504.2743893468,1028.73303014622,0,False
30,0,3R4online,EMGd,21065.516312928343,1086.9306027205755,0,False
30,0,4R5online,EMGg,16731.937310125057,2047.408838333625,0,False
30,0,4R5online,EMGd,20561.31928639653,2119.744983499064,0,False
30,0,5R6online,EMGg,18618.037825524923,3836.887158851193,0,False
30,0,5R6online,EMGd,22286.62019135351,3683.847712013245,0,False
31,0,0R1acquisition,EMGg,17254.24820160876,1446.8851186616705,0,False
31,0,0R1acquisition,EMGd,16874.12567784861,1163.9592979650442,0,False
31,0,1R2acquisition,EMGg,20454.88211132497,1212.0006672455506,0,False
31,0,1R2acquisition,EMGd,17066.20765793708,1133.001245378079,0,False
31,0,2R3online,EMGg,21282.609179034887,1661.057332877534,0,False
31,0,2R3online,EMGd,13430.359955946944,1623.4376308320154,0,False
31,0,3R4online,EMGg,23217.20300010646,1351.860599961264,0,False
31,0,3R4online,EMGd,16096.83010257289,1248.9397418389676,0,False
31,0,4R5online,EMGg,24375.23244016635,844.6104123899952,0,False
31,0,4R5online,EMGd,17154.216299307773,974.5712982956516,0,False
31,0,5R6online,EMGg,24388.352906368986,630.9076680350728,0,False
31,0,5R6online,EMGd,17851.172045563762,745.0208383260401,0,False
32,0,0R1acquisition,EMGg,-7367.912393092709,742.4348522873102,0,False
32,0,0R1acquisition,EMGd,5406.435436902587,284.62426359761884,0,False
32,0,1R2acquisition,EMGg,-5737.789435581729,2065.7977606986497,0,False
32,0,1R2acquisition,EMGd,6673.819676129372,585.4446731584555,0,False
32,0,2R3online,EMGg,-712.5909223071593,613.5788671744365,0,False
32,0,2R3online,EMGd,10525.996078626978,615.2797771423479,0,False
32,0,3R4online,EMGg,2965.90069980995,1741.8866131719724,0,False
32,0,3R4online,EMGd,13903.651724109195,843.6486784151291,0,False
32,0,4R5online,EMGg,3926.3993897832897,2123.028025477911,0,False
32,0,4R5online,EMGd,16144.756825745317,1011.2322260638404,0,False
32,0,5R6online,EMGg,11245.081037374595,4837.547021693489,0,False
32,0,5R6online,EMGd,21648.037811777165,3699.4007218841953,0,False
33,0,0R1acquisition,EMGg,56522.31743433899,319.8416606223364,0,False
33,0,0R1acquisition,EMGd,60248.00965381705,314.0382403183966,0,False
33,0,1R2acquisition,EMGg,54939.767501168295,427.09155046169445,0,False
33,0,1R2acquisition,EMGd,58825.89403517514,487.05636269101296,0,False
33,0,2R3online,EMGg,52826.28124394117,2599.047743325977,0,False
33,0,2R3online,EMGd,55221.46249732797,2702.8402650892426,0,False
33,0,3R4online,EMGg,50726.20969957724,2803.9789379675804,0,False
33,0,3R4online,EMGd,54333.72996385452,3017.6088007618864,0,False
33,0,4R5online,EMGg,46949.27103265014,2482.294728207998,0,False
33,0,4R5online,EMGd,51136.48019397882,2621.178053792415,0,False
33,0,5R6online,EMGg,45991.20695440501,2871.7744301302573,0,False
33,0,5R6online,EMGd,47816.68197599439,2887.1238863534563,0,False
34,0,0R1acquisition,EMGg,18708.439241883072,945.9924600310992,0,False
34,0,0R1acquisition,EMGd,18348.60027622885,1208.4793995342138,0,False
34,0,1R2acquisition,EMGg,18599.107259126064,933.3029752701134,0,False
34,0,1R2acquisition,EMGd,19657.286482467687,1046.9280794143176,0,False
34,0,2R3online,EMGg,19252.9122007459,1004.6523378181968,0,False
34,0,2R3online,EMGd,20755.49301109741,1154.7439835924538,0,False
34,0,3R4online,EMGg,19706.444509963207,974.594006654599,0,False
34,0,3R4online,EMGd,21379.24028190732,1057.1785562155542,0,False
34,0,4R5online,EMGg,19537.67024514969,972.0684694809096,0,False
34,0,4R5online,EMGd,21511.50575920065,1092.8122264457154,0,False
34,0,5R6online,EMGg,19872.623130399646,975.0025314471112,0,False
34,0,5R6online,EMGd,22026.74570374724,1092.6054881885582,0,False
35,0,0R1acquisition,EMGg,12855.032159857636,698.6912566052827,0,False
35,0,0R1acquisition,EMGd,15807.984119218418,1002.7760626076398,0,False
35,0,1R2acquisition,EMGg,12259.074929356586,633.5872785763011,0,False
35,0,1R2acquisition,EMGd,16119.814282600795,847.3317529274941,0,False
35,0,2R3online,EMGg,11453.831765070488,602.7180105780025,0,False
35,0,2R3online,EMGd,16677.73859774252,813.1345928492219,0,False
35,0,3R4online,EMGg,10731.612805460209,572.1917424536555,0,False
35,0,3R4online,EMGd,16143.917217139797,851.9739816994279,0,False
35,0,4R5online,EMGg,10968.939217728624,561.0685143633497,0,False
35,0,4R5online,EMGd,15585.839712897518,764.8396220739409,0,False
35,0,5R6online,EMGg,10911.31262286686,581.9825450499757,0,False
35,0,5R6online,EMGd,15094.063197488207,761.0710831218219,0,False
36,0,0R1acquisition,EMGg,-27749.311400783197,2403.771276143779,0,False
36,0,0R1acquisition,EMGd,-16705.95851553672,856.594493343174,0,False
36,0,1R2acquisition,EMGg,-24179.200338577957,1934.2806974526327,0,False
36,0,1R2acquisition,EMGd,-16081.155726681944,1072.7856409287892,0,False
36,0,2R3online,EMGg,-23912.28545647637,1533.647950373339,0,False
36,0,2R3online,EMGd,-15436.256190589158,763.5474478370611,0,False
36,0,3R4online,EMGg,-23523.70239971204,1435.9450257963692,0,False
36,0,3R4online,EMGd,-15109.141743734785,774.2334325744272,0,False
36,0,4R5online,EMGg,-22956.00879211602,1670.3028130781452,0,False
36,0,4R5online,EMGd,-15017.12621209777,766.3179287324054,0,False
36,0,5R6online,EMGg,-23395.064983817185,1392.5898140292031,0,False
36,0,5R6online,EMGd,-15165.62618055956,783.3340929481584,0,False
37,0,0R1acquisition,EMGg,16163.971045574935,809.9664102309405,0,False
37,0,0R1acquisition,EMGd,-3818.348609594702,6235.875788544964,0,False
37,0,1R2acquisition,EMGg,17127.823926948742,863.6532996682558,0,False
37,0,1R2acquisition,EMGd,18205.109901971715,1403.317436198974,0,False
37,0,2R3online,EMGg,18466.27817244813,922.4027642216216,0,False
37,0,2R3online,EMGd,20638.9875219,1024.533434826054,0,False
37,0,3R4online,EMGg,18758.215988014494,952.457346580738,0,False
37,0,3R4online,EMGd,20469.996622538816,1034.7674809412697,0,False
37,0,4R5online,EMGg,19418.26728248557,1157.1486065517684,0,False
37,0,4R5online,EMGd,20514.23193748848,1057.5539179897298,0,False
37,0,5R6online,EMGg,17963.592265266707,976.3088141367286,0,False
37,0,5R6online,EMGd,18979.22519022705,1059.8742546793878,0,False
38,0,0R1acquisition,EMGg,20532.26189789045,1090.3328269485555,0,False
38,0,0R1acquisition,EMGd,24668.793120055176,1277.540760713371,0,False
38,0,1R2acquisition,EMGg,22417.26815909991,1120.6774648066894,0,False
38,0,1R2acquisition,EMGd,24855.421744760464,1214.7882546173223,0,False
38,0,2R3online,EMGg,21879.24580974368,1115.392759040839,0,False
38,0,2R3online,EMGd,23786.39084987862,1208.9232613630554,0,False
38,0,3R4online,EMGg,21837.445965952447,1156.8642671682137,0,False
38,0,3R4online,EMGd,22571.864488849253,1146.557767651211,0,False
38,0,4R5online,EMGg,21119.36999570604,1051.2992902884798,0,False
38,0,4R5online,EMGd,21594.3793780987,1063.785813104019,0,False
38,0,5R6online,EMGg,20475.848759008582,1039.2703016517753,0,False
38,0,5R6online,EMGd,20472.212237360905,1022.437785003705,0,False
39,0,0R1acquisition,EMGg,-4335.582767908999,6515.208794761613,0,False
39,0,0R1acquisition,EMGd,2315.07161662812,5428.760227035817,0,False
39,0,1R2acquisition,EMGg,15419.39529724671,1637.842931327192,0,False
39,0,1R2acquisition,EMGd,13426.28378700864,804.484487121067,0,False
39,0,2R3online,EMGg,7240.205305493512,2121.5036580989763,0,False
39,0,2R3online,EMGd,6661.328066521377,1590.540910709053,0,False
39,0,3R4online,EMGg,20475.60889314091,1176.725789353757,0,False
39,0,3R4online,EMGd,16909.09558776451,1082.8498126654413,0,False
39,0,4R5online,EMGg,20403.33486988153,1695.2654167975145,0,False
39,0,4R5online,EMGd,18998.033736104437,1695.354644502513,0,False
39,0,5R6online,EMGg,21575.17413090405,1987.9142207249813,0,False
39,0,5R6online,EMGd,19789.007272035185,1974.6680775105372,0,False
40,0,0R1acquisition,EMGg,3115.6740919795675,277.61907951854056,0,False
40,0,0R1acquisition,EMGd,4966.531947816852,463.22084173776415,0,False
40,0,1R2acquisition,EMGg,4863.7681903271205,1854.8836393277224,0,False
40,0,1R2acquisition,EMGd,2601.159926639378,2815.285060155273,0,False
40,0,2R3online,EMGg,10149.885714267297,491.9051479436689,0,False
40,0,2R3online,EMGd,2042.451177443705,313.6567457597366,0,False
40,0,3R4online,EMGg,9588.8524400354,870.4465525935796,0,False
40,0,3R4online,EMGd,2133.3500119403,1175.696990556386,0,False
40,0,4R5online,EMGg,8717.782747048448,451.03019494264953,0,False
40,0,4R5online,EMGd,3625.493125112028,923.049077040258,0,False
40,0,5R6online,EMGg,9554.106585358595,502.9100058541816,0,False
40,0,5R6online,EMGd,7330.070154188299,1071.318711014301,0,False
41,0,0R1acquisition,EMGg,11462.80687632146,580.2069499982931,0,False
41,0,0R1acquisition,EMGd,9828.9094821671,492.41142584269625,0,False
41,0,1R2acquisition,EMGg,11555.357435027236,601.0545498800466,0,False
41,0,1R2acquisition,EMGd,9945.348519342131,533.8546899952013,0,False
41,0,2R3online,EMGg,11881.171637792777,664.3470889054383,0,False
41,0,2R3online,EMGd,9493.771545704756,506.7890074082813,0,False
41,0,3R4online,EMGg,13221.18119654266,708.6023658838994,0,False
41,0,3R4online,EMGd,10641.35461100759,590.9368962322555,0,False
41,0,4R5online,EMGg,13987.382728746668,777.8150852059582,0,False
41,0,4R5online,EMGd,11970.323192797225,836.1933509025745,0,False
41,0,5R6online,EMGg,15455.538147778294,913.813517190576,0,False
41,0,5R6online,EMGd,13710.716071232124,741.9414961016417,0,False
42,0,0R1acquisition,EMGg,-20559.93659729823,1051.2572508334083,0,False
42,0,0R1acquisition,EMGd,-13396.797285635192,970.89855879662,0,False
42,0,1R2acquisition,EMGg,-20191.90524394418,1005.8703703375954,0,False
42,0,1R2acquisition,EMGd,-15077.540035332246,750.0190324253441,0,False
42,0,2R3online,EMGg,-20244.277337281223,1074.1087282040803,0,False
42,0,2R3online,EMGd,-16333.930727045145,830.002940991039,0,False
42,0,3R4online,EMGg,-19663.773473161804,1020.363231529859,0,False
42,0,3R4online,EMGd,-16172.037498355205,881.0571980527162,0,False
42,0,4R5online,EMGg,-19081.870335625797,976.5952566798674,0,False
42,0,4R5online,EMGd,-16185.131385124305,832.0558383290396,0,False
42,0,5R6online,EMGg,-18360.06884834461,920.9226817813144,0,False
42,0,5R6online,EMGd,-16493.412993553713,821.3660151352669,0,False
43,0,0R1acquisition,EMGg,73789.15475772928,3589.1676424688185,0,False
43,0,0R1acquisition,EMGd,78138.59573737031,3797.594846951154,0,False
43,0,1R2acquisition,EMGg,73283.72910556316,167.49142221087706,0,False
43,0,1R2acquisition,EMGd,77928.94599757915,246.7660470261792,0,False
43,0,2R3online,EMGg,72729.88202199838,518.4003529342896,0,False
43,0,2R3online,EMGd,77718.5688556745,618.3243103735102,0,False
43,0,3R4online,EMGg,71902.02716660651,470.4203501721608,0,False
43,0,3R4online,EMGd,76907.85269741855,641.1069799151032,0,False
43,0,4R5online,EMGg,69654.33403065449,3574.331261509604,0,False
43,0,4R5online,EMGd,75673.37287583847,3682.638298823537,0,False
43,0,5R6online,EMGg,70323.37840986723,3426.471226305432,0,False
43,0,5R6online,EMGd,74957.82306254629,3649.760773938765,0,False
44,0,0R1acquisition,EMGg,66012.01457773629,3343.2242866718007,0,False
44,0,0R1acquisition,EMGd,64376.69400130363,3250.6091415374235,0,False
44,0,1R2acquisition,EMGg,64366.72249547695,3156.565896419555,0,False
44,0,1R2acquisition,EMGd,64074.84102636213,3154.334247530942,0,False
44,0,2R3online,EMGg,61335.38779009732,3102.491307965092,0,False
44,0,2R3online,EMGd,59341.286753417466,3021.843796189481,0,False
44,0,3R4online,EMGg,58128.85261237684,2901.4023098836474,0,False
44,0,3R4online,EMGd,56017.26509392357,2773.1694961768685,0,False
44,0,4R5online,EMGg,54344.37028195581,2745.794642354232,0,False
44,0,4R5online,EMGd,53582.076478416246,2654.557837769178,0,False
44,0,5R6online,EMGg,51626.032187425786,2644.6175456616406,0,False
44,0,5R6online,EMGd,50997.47416831864,2615.670773814786,0,False
45,0,0R1acquisition,EMGg,-9375.314082569645,495.7860022992795,0,False
45,0,0R1acquisition,EMGd,-15014.166764011206,759.8914327187151,0,False
45,0,1R2acquisition,EMGg,-8359.326884924018,480.0109078312945,0,False
45,0,1R2acquisition,EMGd,-13624.977281954129,786.2069647822083,0,False
45,0,2R3online,EMGg,-6903.387845818711,362.48278980456354,0,False
45,0,2R3online,EMGd,-11324.691701980404,572.4458332277596,0,False
45,0,3R4online,EMGg,-6541.824457651126,343.6920657985719,0,False
45,0,3R4online,EMGd,-11175.049285497587,550.8085353491103,0,False
45,0,4R5online,EMGg,-6200.436241293881,207.75978814208943,0,False
45,0,4R5online,EMGd,-10632.0272264569,307.63346445767763,0,False
45,0,5R6online,EMGg,-5748.283943062513,347.1120276446076,0,False
45,0,5R6online,EMGd,-10242.659918013169,562.9114640904455,0,False
46,0,0R1acquisition,EMGg,-12627.562022160084,1338.1501868948403,0,False
46,0,0R1acquisition,EMGd,-11335.200388653033,1245.7282493381297,0,False
46,0,1R2acquisition,EMGg,-11459.188780330447,1289.7164456598043,0,False
46,0,1R2acquisition,EMGd,-10223.261732629851,1381.2119141785963,0,False
46,0,2R3online,EMGg,-12472.963315355182,1081.8522357981915,0,False
46,0,2R3online,EMGd,-11806.808082652824,636.024495440734,0,False
46,0,3R4online,EMGg,-12006.403797026858,696.7733223745944,0,False
46,0,3R4online,EMGd,-12733.110677093457,789.381170247445,0,False
46,0,4R5online,EMGg,-14338.607867492015,929.1376715780906,0,False
46,0,4R5online,EMGd,-15267.61079867914,1072.9171162575344,0,False
46,0,5R6online,EMGg,-15990.530715427054,2423.8309814448166,0,False
46,0,5R6online,EMGd,-16482.649695006494,1616.627242832827,0,False
47,0,0R1acquisition,EMGg,7184.601659022917,1312.8928504451842,0,False
47,0,0R1acquisition,EMGd,8580.21661449588,934.8872689666562,0,False
47,0,1R2acquisition,EMGg,8347.509179629158,882.1105048969711,0,False
47,0,1R2acquisition,EMGd,10601.750960429305,764.1007485428174,0,False
47,0,2R3online,EMGg,8579.765464131353,554.0491265001305,0,False
47,0,2R3online,EMGd,11052.157743661935,2095.5216917686635,0,False
47,0,3R4online,EMGg,8495.116379390804,630.1734277726327,0,False
47,0,3R4online,EMGd,13465.692035453534,688.4651808318467,0,False
47,0,4R5online,EMGg,7377.655978537449,2003.3037794684765,0,False
47,0,4R5online,EMGd,13530.370666619996,841.6367716537802,0,False
47,0,5R6online,EMGg,8653.313049341457,1323.234418042176,0,False
47,0,5R6online,EMGd,14373.551937164428,763.0412550188281,0,False
48,0,0R1acquisition,EMGg,41542.37322683004,4112.542007120997,0,False
48,0,0R1acquisition,EMGd,42853.07853224615,3605.880736207018,0,False
48,0,1R2acquisition,EMGg,44651.057150112014,5203.975464795936,0,False
48,0,1R2acquisition,EMGd,45642.25330718809,4442.082107133304,0,False
48,0,2R3online,EMGg,36890.1462242018,2193.373623275512,0,False
48,0,2R3online,EMGd,39318.60863569412,1958.7206253571997,0,False
48,0,3R4online,EMGg,37372.84122270484,4148.816899833242,0,False
48,0,3R4online,EMGd,40804.950733360405,3948.527007545733,0,False
48,0,4R5online,EMGg,30580.504467646697,4954.017108870033,0,False
48,0,4R5online,EMGd,34625.017632783085,4555.572560959093,0,False
48,0,5R6online,EMGg,30378.135108058115,5306.553325482646,0,False
48,0,5R6online,EMGd,34457.26437253562,5110.275199884968,0,False
49,0,0R1acquisition,EMGg,7202.925239826329,598.7347991020283,0,False
49,0,0R1acquisition,EMGd,5284.74138889802,1019.8493018659698,0,False
49,0,1R2acquisition,EMGg,10437.061588774435,553.2587579061128,0,False
49,0,1R2acquisition,EMGd,12067.907596245732,657.8334645750881,0,False
49,0,2R3online,EMGg,11355.920894564675,565.9045438607254,0,False
49,0,2R3online,EMGd,9395.54474019903,1274.5264979670144,0,False
49,0,3R4online,EMGg,12005.112553308149,631.4436677692482,0,False
49,0,3R4online,EMGd,11772.114308527456,718.8618416490872,0,False
49,0,4R5online,EMGg,11889.535667396336,596.1106877245801,0,False
49,0,4R5online,EMGd,11381.518397627924,642.8114091391001,0,False
49,0,5R6online,EMGg,11388.104082659618,576.2838100770188,0,False
49,0,5R6online,EMGd,10097.81927629992,503.00239648362896,0,False
50,0,0R1acquisition,EMGg,650.5558853299875,1142.0107422679364,0,False
50,0,0R1acquisition,EMGd,-1565.2323748309402,398.68238545186415,0,False
50,0,1R2acquisition,EMGg,5701.795014892514,1090.920373403164,0,False
50,0,1R2acquisition,EMGd,1787.4564561938537,683.1146207706054,0,False
50,0,2R3online,EMGg,9952.427051869829,788.0939581740546,0,False
50,0,2R3online,EMGd,6951.973547529053,1009.2802521193056,0,False
50,0,3R4online,EMGg,13790.808288081182,848.7196878673458,0,False
50,0,3R4online,EMGd,9763.329612074984,565.6578108425703,0,False
50,0,4R5online,EMGg,18811.93562904605,1163.7299147494602,0,False
50,0,4R5online,EMGd,14890.88922032052,854.435463470667,0,False
50,0,5R6online,EMGg,26644.86809922984,2350.1266738180007,0,False
50,0,5R6online,EMGd,22141.91071057906,2376.035003579034,0,False
51,0,0R1acquisition,EMGg,3590.07328773772,975.1254166328606,0,False
51,0,0R1acquisition,EMGd,5035.573428653004,1136.3775091535551,0,False
51,0,1R2acquisition,EMGg,2222.373994596692,239.7848539265259,0,False
51,0,1R2acquisition,EMGd,2065.421107298213,807.069650343667,0,False
51,0,2R3online,EMGg,1840.9206546328776,200.52285496032596,0,False
51,0,2R3online,EMGd,667.6243758935659,96.50266063508494,0,False
51,0,3R4online,EMGg,1310.1508248840062,180.62634056860463,0,False
51,0,3R4online,EMGd,324.70503949128266,136.96537312841875,0,False
51,0,4R5online,EMGg,740.2473122185119,222.29749899491483,0,False
51,0,4R5online,EMGd,-295.9842591374555,145.45119629011683,0,False
51,0,5R6online,EMGg,559.3109820537233,228.3665694956539,0,False
51,0,5R6online,EMGd,-426.8431693677176,209.5446620174143,0,False
52,0,0R1acquisition,EMGg,-12670.948735674943,2296.619426886369,0,False
52,0,0R1acquisition,EMGd,-6820.828887510382,1460.1865456025523,0,False
52,0,1R2acquisition,EMGg,-11487.683596086885,871.2532630289295,0,False
52,0,1R2acquisition,EMGd,-5474.212720231198,363.6147305928842,0,False
52,0,2R3online,EMGg,-12743.099706618024,1221.3590053207154,0,False
52,0,2R3online,EMGd,-9156.55116169265,1402.2682039359083,0,False
52,0,3R4online,EMGg,-9247.04218273391,687.2935620249579,0,False
52,0,3R4online,EMGd,-5709.087019937322,680.9384601481227,0,False
52,0,4R5online,EMGg,-11333.533006362595,900.163492026869,0,False
52,0,4R5online,EMGd,-5406.708413814399,582.798457258701,0,False
52,0,5R6online,EMGg,-10236.97350151076,1033.035924329207,0,False
52,0,5R6online,EMGd,-5188.838825983179,598.4759255865745,0,False
53,0,0R1acquisition,EMGg,15013.80383984515,1687.7844372930642,0,False
53,0,0R1acquisition,EMGd,21522.899591346144,1240.2047223428424,0,False
53,0,1R2acquisition,EMGg,12783.188825068306,1746.4039105733843,0,False
53,0,1R2acquisition,EMGd,21009.871539661104,1064.4030293165026,0,False
53,0,2R3online,EMGg,15781.816525707954,984.9403716223036,0,False
53,0,2R3online,EMGd,18925.688212132325,1512.96703310497,0,False
53,0,3R4online,EMGg,15090.523879798358,885.476851352851,0,False
53,0,3R4online,EMGd,19085.904371256,1001.6257897492494,0,False
53,0,4R5online,EMGg,13863.265921959965,4431.704275403984,0,False
53,0,4R5online,EMGd,16554.03608223633,5284.631657286993,0,False
53,0,5R6online,EMGg,16409.153943403016,1114.4539348655926,0,False
53,0,5R6online,EMGd,18003.723141564184,938.352177556027,0,False
54,0,0R1acquisition,EMGg,44073.20322752376,2189.4530561072934,0,False
54,0,0R1acquisition,EMGd,40935.56430224499,2088.3701478843022,0,False
54,0,1R2acquisition,EMGg,45905.04179556118,2243.4862356781287,0,False
54,0,1R2acquisition,EMGd,43847.9969118105,2172.0739678300138,0,False
54,0,2R3online,EMGg,46313.04368663183,2255.8234482571843,0,False
54,0,2R3online,EMGd,45446.46841417503,2218.1574594695708,0,False
54,0,3R4online,EMGg,46388.53416765975,2259.8705240237045,0,False
54,0,3R4online,EMGd,45738.237577002496,2225.587291701754,0,False
54,0,4R5online,EMGg,46600.63119127913,2274.9953214041243,0,False
54,0,4R5online,EMGd,46154.09619474317,2247.2250617637383,0,False
54,0,5R6online,EMGg,45889.85735373731,2306.5914158260134,0,False
54,0,5R6online,EMGd,45833.56512651439,2294.472651098335,0,False
55,0,0R1acquisition,EMGg,2002.653098313532,584.423652951531,0,False
55,0,0R1acquisition,EMGd,6685.788391111688,755.3114824425176,0,False
55,0,1R2acquisition,EMGg,2863.29407322576,760.8297749045087,0,False
55,0,1R2acquisition,EMGd,6244.037117340862,912.197115078672,0,False
55,0,2R3online,EMGg,6358.420678508099,742.6248436118674,0,False
55,0,2R3online,EMGd,10692.198017464983,1024.708150085209,0,False
55,0,3R4online,EMGg,6933.238526939448,1104.1849425066982,0,False
55,0,3R4online,EMGd,9408.093519871794,592.3979315068132,0,False
55,0,4R5online,EMGg,11979.104695226692,763.9331367072116,0,False
55,0,4R5online,EMGd,9727.011692182536,1122.4898333713702,0,False
55,0,5R6online,EMGg,11579.113818165077,1151.679864512486,0,False
55,0,5R6online,EMGd,8758.992789479806,639.8823522528805,0,False
56,0,0R1acquisition,EMGg,6954.214745880188,414.9599651752816,0,False
56,0,0R1acquisition,EMGd,4408.8525831767765,253.17831217642367,0,False
56,0,1R2acquisition,EMGg,7110.055969028181,401.81197106834776,0,False
56,0,1R2acquisition,EMGd,4119.046697426104,229.0937055273258,0,False
56,0,2R3online,EMGg,7162.141543958112,439.693311845897,0,False
56,0,2R3online,EMGd,3970.53685914011,266.41671898821124,0,False
56,0,3R4online,EMGg,4356.296246297255,2620.8819751449264,0,False
56,0,3R4online,EMGd,2248.685898568354,1637.7844348988942,0,False
56,0,4R5online,EMGg,6459.521267207304,415.9580065252272,0,False
56,0,4R5online,EMGd,2172.523214834124,138.3672979611836,0,False
56,0,5R6online,EMGg,7048.474760315821,412.6444098370192,0,False
56,0,5R6online,EMGd,2164.8671836316994,183.3237695624412,0,False
57,0,0R1acquisition,EMGg,10680.219248568344,590.6430684587752,0,False
57,0,0R1acquisition,EMGd,14928.81786767519,868.7280242222208,0,False
57,0,1R2acquisition,EMGg,10793.647845147878,630.3037194478228,0,False
57,0,1R2acquisition,EMGd,16535.740812243614,983.26279426205,0,False
57,0,2R3online,EMGg,10986.390064812484,1030.094173417008,0,False
57,0,2R3online,EMGd,16739.956235188693,1144.1769104814266,0,False
57,0,3R4online,EMGg,11024.65752925106,2656.5402965384355,0,False
57,0,3R4online,EMGd,18585.11054661184,1094.4113215749665,0,False
57,0,4R5online,EMGg,13142.044854001082,1102.6804947115097,0,False
57,0,4R5online,EMGd,20548.639442586365,1129.5604178392236,0,False
57,0,5R6online,EMGg,14143.240687250613,1126.939410399744,0,False
57,0,5R6online,EMGd,22560.32003696896,1431.7660860997814,0,False
58,0,0R1acquisition,EMGg,123.2520671049896,127.27904463811906,0,False
58,0,0R1acquisition,EMGd,-5619.912412142616,389.4498826185082,0,False
58,0,1R2acquisition,EMGg,-1320.7220794423151,181.55708111294703,0,False
58,0,1R2acquisition,EMGd,-5781.115284634356,296.39132998041526,0,False
58,0,2R3online,EMGg,-2488.652632824909,229.99593445742136,0,False
58,0,2R3online,EMGd,-6032.47794218854,338.5047659440757,0,False
58,0,3R4online,EMGg,-3340.606725997396,1111.2821093000491,0,False
58,0,3R4online,EMGd,-6491.170651719519,1902.9330316547407,0,False
58,0,4R5online,EMGg,-3142.519259387931,232.03495824160345,0,False
58,0,4R5online,EMGd,-5759.43174363707,661.9622966862959,0,False
58,0,5R6online,EMGg,-3413.87227103728,275.86477967896434,0,False
58,0,5R6online,EMGd,-5838.409815111848,338.461184725911,0,False
59,0,0R1acquisition,EMGg,46443.49017250995,2917.3281869800367,0,False
59,0,0R1acquisition,EMGd,47673.65331679723,2705.309122565912,0,False
59,0,1R2acquisition,EMGg,48376.08214489003,3283.000928605175,0,False
59,0,1R2acquisition,EMGd,49786.09460925251,3427.079643842179,0,False
59,0,2R3online,EMGg,51052.78874792095,2806.764362422877,0,False
59,0,2R3online,EMGd,51817.40156286545,2745.056431184159,0,False
59,0,3R4online,EMGg,49065.00879846913,3426.396954568071,0,False
59,0,3R4online,EMGd,50034.296658662985,3153.397287502268,0,False
60,0,0R1acquisition,EMGg,-4036.923101871499,2011.99728775052,0,False
60,0,0R1acquisition,EMGd,-9375.706326991836,957.5701185600384,0,False
60,0,1R2acquisition,EMGg,-152.7617664573166,1185.892170751119,0,False
60,0,1R2acquisition,EMGd,-10065.595340116592,3666.599756119963,0,False
60,0,2R3online,EMGg,418.8135559307028,1027.5658679240714,0,False
60,0,2R3online,EMGd,-7992.657859448642,2409.316111777372,0,False
60,0,3R4online,EMGg,4413.644686768111,1689.4465892554792,0,False
60,0,3R4online,EMGd,-1267.8272880571528,2441.747417310812,0,False
60,0,4R5online,EMGg,6285.107041531616,1590.1772340786097,0,False
60,0,4R5online,EMGd,-263.601610828754,2469.581073502882,0,False
60,0,5R6online,EMGg,9064.481572727213,1785.4398068795635,0,False
60,0,5R6online,EMGd,2338.9367035277023,1745.5591799124202,0,False
61,0,0R1acquisition,EMGg,7532.877289235094,445.0362073540709,0,False
61,0,0R1acquisition,EMGd,6151.996697329091,352.1613956595407,0,False
61,0,1R2acquisition,EMGg,7537.08377488845,412.8161454266274,0,False
61,0,1R2acquisition,EMGd,5695.852117559964,297.9984496753935,0,False
61,0,2R3online,EMGg,4752.607571928263,272.67116211930534,0,False
61,0,2R3online,EMGd,4046.410880614826,312.64345419053933,0,False
61,0,3R4online,EMGg,3890.076693706681,258.46812236892055,0,False
61,0,3R4online,EMGd,2994.9762650711286,278.4894409030335,0,False
61,0,4R5online,EMGg,1373.6111544460605,472.5904727680619,0,False
61,0,4R5online,EMGd,1580.6970262242517,133.55584292883188,0,False
61,0,5R6online,EMGg,-2212.9276762830505,565.0796569598326,0,False
61,0,5R6online,EMGd,-985.8763436383304,362.8550212311324,0,False
62,0,0R1acquisition,EMGg,28207.539225524903,1456.4534715905895,0,False
62,0,0R1acquisition,EMGd,30861.25487060325,1592.3034164513217,0,False
62,0,1R2acquisition,EMGg,28412.998814484425,1456.6612030122385,0,False
62,0,1R2acquisition,EMGd,30531.815553351928,1557.1346470479152,0,False
62,0,2R3online,EMGg,27503.72442982599,1414.1234792795717,0,False
62,0,2R3online,EMGd,29671.826516725698,1513.534978340596,0,False
62,0,3R4online,EMGg,26837.081035973264,1459.21233988907,0,False
62,0,3R4online,EMGd,28729.06657071853,1491.16004096017,0,False
62,0,4R5online,EMGg,26645.074688800712,1418.001326140759,0,False
62,0,4R5online,EMGd,28672.689160698817,1465.025116834837,0,False
62,0,5R6online,EMGg,26689.57850517368,1374.6676155549846,0,False
62,0,5R6online,EMGd,28292.95814698494,1461.3736017563506,0,False
63,0,0R1acquisition,EMGg,1528.4944227157257,1203.3803647185327,0,False
63,0,0R1acquisition,EMGd,3912.555885029256,1241.7897265839956,0,False
63,0,1R2acquisition,EMGg,3870.92012663788,681.3094822143744,0,False
63,0,1R2acquisition,EMGd,5880.255689074793,708.302092852601,0,False
63,0,2R3online,EMGg,1315.228917574142,815.1461077252727,0,False
63,0,2R3online,EMGd,2994.459196878083,1084.7501349103852,0,False
63,0,3R4online,EMGg,2433.483466047806,490.401306003786,0,False
63,0,3R4online,EMGd,4697.174560368478,668.0954649170557,0,False
63,0,4R5online,EMGg,2353.2070915274685,501.4123743332599,0,False
63,0,4R5online,EMGd,5004.661326629096,498.33234473643,0,False
63,0,5R6online,EMGg,2214.980219868694,518.2548786085696,0,False
63,0,5R6online,EMGd,4321.221603791694,670.4178297080099,0,False
64,0,0R1acquisition,EMGg,-13576.96029725731,794.2883804037033,0,False
64,0,0R1acquisition,EMGd,-13703.692411878455,735.4094235474006,0,False
64,0,1R2acquisition,EMGg,-14373.01688950367,774.5382495830033,0,False
64,0,1R2acquisition,EMGd,-14788.876749087238,791.6266101208731,0,False
64,0,2R3online,EMGg,-16020.561483125884,831.3310216513548,0,False
64,0,2R3online,EMGd,-15385.782333588431,803.7847338607294,0,False
64,0,3R4online,EMGg,-16166.28311980284,875.4104522122107,0,False
64,0,3R4online,EMGd,-15443.77675626624,813.0510143952635,0,False
64,0,4R5online,EMGg,-16290.07616281524,1032.1663508879535,0,False
64,0,4R5online,EMGd,-16032.203023375878,953.5643082298568,0,False
64,0,5R6online,EMGg,-14556.673828184605,775.6585016710383,0,False
64,0,5R6online,EMGd,-14237.934471518962,827.3172081388964,0,False
65,0,0R1acquisition,EMGg,-7593.84141498143,695.5247631878593,0,False
65,0,0R1acquisition,EMGd,-3899.6353145509192,698.8027507085111,0,False
65,0,1R2acquisition,EMGg,-9426.865014743686,531.6626457085625,0,False
65,0,1R2acquisition,EMGd,-6613.223129160743,509.17075682230944,0,False
65,0,2R3online,EMGg,-11177.113664757211,662.1140661943803,0,False
65,0,2R3online,EMGd,-9124.539198208924,628.4192001272761,0,False
65,0,3R4online,EMGg,-11159.202404112517,602.9201702833178,0,False
65,0,3R4online,EMGd,-9489.711992012644,501.4563358792605,0,False
65,0,4R5online,EMGg,-12001.07949207008,597.3178965702397,0,False
65,0,4R5online,EMGd,-10240.033137464285,496.8559917605948,0,False
65,0,5R6online,EMGg,-11535.659957777576,613.864489999521,0,False
65,0,5R6online,EMGd,-9869.986720615876,517.6716018928032,0,False
66,0,0R1acquisition,EMGg,9431.787295687753,495.7192708486129,0,False
66,0,0R1acquisition,EMGd,-52115.97976895361,112168.1328183416,0,False
66,0,1R2acquisition,EMGg,7799.931497208518,594.1871394545263,0,False
66,0,1R2acquisition,EMGd,12861.015622611214,846.11688539056,0,False
66,0,2R3online,EMGg,1325.5409499441555,297.4608962987326,0,False
66,0,2R3online,EMGd,6655.678587035474,434.0115855024199,0,False
66,0,3R4online,EMGg,867.8380172192807,152.94145182600346,0,False
66,0,3R4online,EMGd,5932.564729844838,326.1144401586586,0,False
66,0,4R5online,EMGg,198.9124359253864,211.1197990904862,0,False
66,0,4R5online,EMGd,4876.4731345751925,279.4873727232644,0,False
66,0,5R6online,EMGg,-663.7248306730528,314.0912209238789,0,False
66,0,5R6online,EMGd,4150.420192112611,306.4531327060904,0,False
67,0,0R1acquisition,EMGg,-8833.276289345153,804.8477154685409,0,False
67,0,0R1acquisition,EMGd,-10121.877413837805,928.1142507391452,0,False
67,0,1R2acquisition,EMGg,-7288.0311950702335,744.4883634493194,0,False
67,0,1R2acquisition,EMGd,-8637.516833804277,912.7530050305202,0,False
67,0,2R3online,EMGg,-9142.814781263214,2565.236076386705,0,False
67,0,2R3online,EMGd,-10087.928736381233,2683.9994891484453,0,False
67,0,3R4online,EMGg,-4249.5712774465055,904.51411147485,0,False
67,0,3R4online,EMGd,-4600.440221336611,947.705703495626,0,False
67,0,4R5online,EMGg,-1706.2526190499275,567.8856588797928,0,False
67,0,4R5online,EMGd,-1841.626937550692,783.906492061033,0,False
67,0,5R6online,EMGg,-1508.944181986318,255.42989453600143,0,False
67,0,5R6online,EMGd,-2077.2837193538403,172.20598678299913,0,False
68,0,0R1acquisition,EMGg,-8717.803066272676,8976.148564475412,0,False
68,0,0R1acquisition,EMGd,-5520.799156393965,9454.612146524882,0,False
68,0,1R2acquisition,EMGg,-6054.051127972123,4423.46013884356,0,False
68,0,1R2acquisition,EMGd,-1928.189084742657,4606.067920320992,0,False
68,0,2R3online,EMGg,918.9062019265434,2066.1318208796147,0,False
68,0,2R3online,EMGd,1983.1782039553289,1020.1177996548346,0,False
68,0,3R4online,EMGg,-2080.234180462113,3462.189001641639,0,False
68,0,3R4online,EMGd,-4712.108259766925,3062.4078241812445,0,False
68,0,4R5online,EMGg,1873.2920492308367,262.3285640470656,0,False
68,0,4R5online,EMGd,2730.1237903308856,1286.8193227679155,0,False
68,0,5R6online,EMGg,515.3709998255216,310.96107440961504,0,False
68,0,5R6online,EMGd,2251.900388920456,594.3849814165239,0,False
69,0,0R1acquisition,EMGg,3900.4890804420575,4863.600983656411,0,False
69,0,0R1acquisition,EMGd,-3141.297560162863,3434.5193914631973,0,False
69,0,1R2acquisition,EMGg,4707.759611583168,5686.218642522235,0,False
69,0,1R2acquisition,EMGd,-3170.5767737348697,4313.490675914467,0,False
69,0,2R3online,EMGg,12608.136317018374,860.6096693697012,0,False
69,0,2R3online,EMGd,291.84149107868245,705.2426203841138,0,False
69,0,3R4online,EMGg,12311.02484438919,1245.923224867371,0,False
69,0,3R4online,EMGd,1940.5633970292768,1148.8642956437448,0,False
69,0,4R5online,EMGg,12218.841964128982,853.5437021101955,0,False
69,0,4R5online,EMGd,3216.3687194866416,423.68606322822137,0,False
69,0,5R6online,EMGg,11948.359984848244,705.2682129660643,0,False
69,0,5R6online,EMGd,2881.6943288468638,246.05259590832148,0,False
70,0,0R1acquisition,EMGg,7118.368443922163,526.7950961319481,0,False
70,0,0R1acquisition,EMGd,7370.205921643966,417.2833767541583,0,False
70,0,1R2acquisition,EMGg,6262.911523495756,446.3877409832493,0,False
70,0,1R2acquisition,EMGd,6663.849979800186,398.8890667876912,0,False
70,0,2R3online,EMGg,5609.7215159917305,411.2773398672376,0,False
70,0,2R3online,EMGd,5733.299487828275,521.0720860505434,0,False
70,0,3R4online,EMGg,4771.160345395467,274.93363168322026,0,False
70,0,3R4online,EMGd,5587.749895787193,321.4803858765654,0,False
70,0,4R5online,EMGg,4463.591377756314,247.53373006727216,0,False
70,0,4R5online,EMGd,4909.358868382303,310.27011242925573,0,False
70,0,5R6online,EMGg,4506.724380959359,259.8328632418381,0,False
70,0,5R6online,EMGd,5410.014917998146,396.0046024227439,0,False
71,0,0R1acquisition,EMGg,10093.48670809249,591.0561734554298,0,False
71,0,0R1acquisition,EMGd,9129.451492929476,1280.1351876291783,0,False
71,0,1R2acquisition,EMGg,10435.56931108133,594.7920774406061,0,False
71,0,1R2acquisition,EMGd,12352.516327953668,1035.2097957575472,0,False
71,0,2R3online,EMGg,2196.8153019506544,3890.322287116779,0,False
71,0,2R3online,EMGd,1112.6604573906138,2649.26631769172,0,False
71,0,3R4online,EMGg,7366.171274643659,794.2931193663125,0,False
71,0,3R4online,EMGd,4365.428895656004,1354.8953196709808,0,False
71,0,4R5online,EMGg,4417.556275273714,3785.7856670825695,0,False
71,0,4R5online,EMGd,3512.6694923759346,2568.321946920856,0,False
71,0,5R6online,EMGg,2819.2505382339423,744.873176797676,0,False
71,0,5R6online,EMGd,3096.7997111343084,562.1292718928377,0,False
72,0,0R1acquisition,EMGg,-9817.338472910482,3301.296146703391,0,False
72,0,0R1acquisition,EMGd,-9558.24366557424,2057.0150260809837,0,False
72,0,1R2acquisition,EMGg,-6464.842592275122,2794.903332564485,0,False
72,0,1R2acquisition,EMGd,-6899.086986096121,1621.5580230377636,0,False
72,0,2R3online,EMGg,-8102.052611286024,3019.096462539804,0,False
72,0,2R3online,EMGd,-3598.6025272729344,1146.837611867533,0,False
72,0,3R4online,EMGg,-5123.940200289625,1844.418806197564,0,False
72,0,3R4online,EMGd,-1769.3523102760844,510.4527090817669,0,False
72,0,4R5online,EMGg,-4975.459272337563,3522.4830872382395,0,False
72,0,4R5online,EMGd,-3763.786973838117,3504.1242163603906,0,False
72,0,5R6online,EMGg,-2065.5992624797964,4258.1459707687645,0,False
72,0,5R6online,EMGd,-692.4406274399487,3524.652715290901,0,False
73,0,0R1acquisition,EMGg,-9949.04326263872,4793.146769994382,0,False
73,0,0R1acquisition,EMGd,-6979.580349271137,3432.6135867647445,0,False
73,0,1R2acquisition,EMGg,-10009.597355451971,940.100565840732,0,False
73,0,1R2acquisition,EMGd,-1656.7594899726575,2151.077303612894,0,False
73,0,2R3online,EMGg,-9979.291249560616,1048.341786590965,0,False
73,0,2R3online,EMGd,-5834.571926016129,690.6132051278587,0,False
73,0,3R4online,EMGg,-9822.65655008908,2783.930756788984,0,False
73,0,3R4online,EMGd,-7314.767050822135,1840.1596729345345,0,False
73,0,4R5online,EMGg,-9783.240717767185,1072.4496898398577,0,False
73,0,4R5online,EMGd,-6547.509251175135,733.0625610697354,0,False
73,0,5R6online,EMGg,-10502.72326270011,1900.5141749487848,0,False
73,0,5R6online,EMGd,-8481.297022976334,1579.2830252717508,0,False
74,0,0R1acquisition,EMGg,-7879.832886434441,806.0670823628498,0,False
74,0,0R1acquisition,EMGd,-20801.8631846998,2361.2964933377884,0,False
74,0,1R2acquisition,EMGg,-4752.7013115709215,1274.1391759253536,0,False
74,0,1R2acquisition,EMGd,-16707.940432422838,879.7764545442155,0,False
74,0,2R3online,EMGg,-8445.749448244338,877.7584997193758,0,False
74,0,2R3online,EMGd,-20799.44290300495,1536.0678147019116,0,False
74,0,3R4online,EMGg,-8758.914191861988,587.3456399781636,0,False
74,0,3R4online,EMGd,-20472.061483341826,1339.6921227879443,0,False
74,0,4R5online,EMGg,-7713.663320444453,508.4744001967495,0,False
74,0,4R5online,EMGd,-18166.84175165709,1078.7023719258766,0,False
74,0,5R6online,EMGg,-7217.963057620654,660.9032476770968,0,False
74,0,5R6online,EMGd,-17827.475490434204,1019.657902394388,0,False
75,0,0R1acquisition,EMGg,-19953.669675705805,3271.433656654642,0,False
75,0,0R1acquisition,EMGd,-16962.46215372039,3423.655526386948,0,False
75,0,1R2acquisition,EMGg,-19976.56875394664,1548.5072408299743,0,False
75,0,1R2acquisition,EMGd,-16989.499623400065,1553.3804647525617,0,False
75,0,2R3online,EMGg,-24090.97542402253,1316.218724674611,0,False
75,0,2R3online,EMGd,-20539.28395952178,1085.33296294431,0,False
75,0,3R4online,EMGg,-26554.46758700212,1719.88390921856,0,False
75,0,3R4online,EMGd,-22042.99280693286,1397.3433790635872,0,False
75,0,4R5online,EMGg,-28158.0900124828,1473.4930630194615,0,False
75,0,4R5online,EMGd,-23581.44017825175,1253.3512263863136,0,False
75,0,5R6online,EMGg,-26435.543620791985,1452.8745042156368,0,False
75,0,5R6online,EMGd,-21914.84089530447,1215.263522882164,0,False
76,0,0R1acquisition,EMGg,237.42795845463507,805.9723396813995,0,False
76,0,0R1acquisition,EMGd,3839.172459917683,677.0500732092037,0,False
76,0,1R2acquisition,EMGg,393.703093496733,537.1856242700654,0,False
76,0,1R2acquisition,EMGd,3471.90321683678,794.2341824105002,0,False
76,0,2R3online,EMGg,852.7637448370608,422.1832232048654,0,False
76,0,2R3online,EMGd,5525.18994167192,789.395083426537,0,False
76,0,3R4online,EMGg,1950.770256843296,320.28800090662764,0,False
76,0,3R4online,EMGd,5499.242044493984,472.0261777919756,0,False
76,0,4R5online,EMGg,2486.730046251149,1083.0321217439416,0,False
76,0,4R5online,EMGd,6858.045841193188,1357.6111905767068,0,False
76,0,5R6online,EMGg,3866.327892344829,401.58181503727536,0,False
76,0,5R6online,EMGd,8564.762391607077,521.3663866016922,0,False
77,0,0R1acquisition,EMGg,-18665.341678262597,1050.3752984240425,0,False
77,0,0R1acquisition,EMGd,-5972.5529218449055,710.4498695159951,0,False
77,0,1R2acquisition,EMGg,-18931.2123230734,1107.8860401035606,0,False
77,0,1R2acquisition,EMGd,-7045.197559983907,639.744716140577,0,False
77,0,2R3online,EMGg,-17961.608992131616,1182.9434171963308,0,False
77,0,2R3online,EMGd,-10719.4249227867,955.3454997423736,0,False
77,0,3R4online,EMGg,-12884.322933118929,1617.2095291811047,0,False
77,0,3R4online,EMGd,-5895.596381913697,1176.3396313005794,0,False
77,0,4R5online,EMGg,-11968.25334558197,1286.1696978043174,0,False
77,0,4R5online,EMGd,-5310.517739467816,531.9698404998114,0,False
77,0,5R6online,EMGg,-10299.56802973767,1432.942759788169,0,False
77,0,5R6online,EMGd,-4174.153594852263,592.2738859304698,0,False
78,0,0R1acquisition,EMGg,1377.7833974809585,1361.449302287676,0,False
78,0,0R1acquisition,EMGd,3448.3705024536366,1076.701713770923,0,False
78,0,1R2acquisition,EMGg,1656.5331614264403,1466.922763441856,0,False
78,0,1R2acquisition,EMGd,3288.4507181992185,1520.7423623462068,0,False
78,0,2R3online,EMGg,978.1760156211514,1271.7926181435296,0,False
78,0,2R3online,EMGd,3312.7462095430988,1388.6463906774509,0,False
78,0,3R4online,EMGg,2896.128834829197,933.8622953975608,0,False
78,0,3R4online,EMGd,5319.651772363057,968.661117184427,0,False
78,0,4R5online,EMGg,2641.002195742537,930.5603327672158,0,False
78,0,4R5online,EMGd,5176.973432896634,1043.1598805771928,0,False
78,0,5R6online,EMGg,2924.0247922227395,941.0161568582132,0,False
78,0,5R6online,EMGd,5885.779117922229,1060.273491824591,0,False
79,0,0R1acquisition,EMGg,-4486.341406645111,2849.1315496652014,0,False
79,0,0R1acquisition,EMGd,-4575.97288878691,2373.692343973761,0,False
79,0,1R2acquisition,EMGg,1799.745456163034,1551.1237552067169,0,False
79,0,1R2acquisition,EMGd,1006.954025423545,2113.429116169193,0,False
79,0,2R3online,EMGg,-208.0649097821024,2120.3989824062696,0,False
79,0,2R3online,EMGd,-258.24980643701144,1752.485292443472,0,False
79,0,3R4online,EMGg,4791.943896940544,900.8061054213176,0,False
79,0,3R4online,EMGd,5028.776155158323,1396.790247607261,0,False
79,0,4R5online,EMGg,6466.875284228473,660.9503594214908,0,False
79,0,4R5online,EMGd,7195.534680493704,1238.006064423056,0,False
79,0,5R6online,EMGg,4581.97016596241,2439.0641366941227,0,False
79,0,5R6online,EMGd,5173.595967943924,1965.982595934173,0,False
80,0,0R1acquisition,EMGg,-4244.494585418935,999.3656967793684,0,False
80,0,0R1acquisition,EMGd,-3364.646008726352,1217.6211236661177,0,False
80,0,1R2acquisition,EMGg,-3717.714383036502,354.8350977732119,0,False
80,0,1R2acquisition,EMGd,-3181.18708250564,474.3193358095429,0,False
80,0,2R3online,EMGg,-2821.632662796524,1319.065290892493,0,False
80,0,2R3online,EMGd,-2740.2142398659007,1498.2480975465642,0,False
80,0,3R4online,EMGg,-2085.3329446539865,849.2650741734716,0,False
80,0,3R4online,EMGd,-1788.8755328972734,649.2181245359379,0,False
80,0,4R5online,EMGg,-1868.2549732654577,1182.34290885965,0,False
80,0,4R5online,EMGd,-1811.6326572953053,1460.981490365368,0,False
80,0,5R6online,EMGg,-1318.7527466552226,1304.414452552644,0,False
80,0,5R6online,EMGd,-1557.8072184776536,1053.4894640010775,0,False
81,0,0R1acquisition,EMGg,-8155.885826190612,1612.0036320120464,0,False
81,0,0R1acquisition,EMGd,-7073.479502392933,1282.5930343808857,0,False
81,0,1R2acquisition,EMGg,-5999.631008994906,1389.4098756150006,0,False
81,0,1R2acquisition,EMGd,-5282.545764889579,937.1447576369916,0,False
81,0,2R3online,EMGg,-6697.670398496909,626.9019584084293,0,False
81,0,2R3online,EMGd,-6589.670818818807,725.3827624808787,0,False
81,0,3R4online,EMGg,-6739.379369854248,1002.1515252086056,0,False
81,0,3R4online,EMGd,-6376.607700262264,726.5848786714504,0,False
81,0,4R5online,EMGg,-4241.356953050975,543.3819275765813,0,False
81,0,4R5online,EMGd,-4157.385061374945,481.3401396653552,0,False
81,0,5R6online,EMGg,-3429.2543788314338,421.8126431241896,0,False
81,0,5R6online,EMGd,-4250.761933715208,421.87959191453416,0,False
82,0,0R1acquisition,EMGg,-4618.929304341781,406.4277455437074,0,False
82,0,0R1acquisition,EMGd,-9561.858662595823,583.9940078318374,0,False
82,0,1R2acquisition,EMGg,-5455.659977737954,348.446299498778,0,False
82,0,1R2acquisition,EMGd,-10333.838425163243,566.7504806482423,0,False
82,0,2R3online,EMGg,-8303.318485835864,547.6419800289603,0,False
82,0,2R3online,EMGd,-12608.516030112973,675.9175213973865,0,False
82,0,3R4online,EMGg,-8862.127028247009,522.6127339071454,0,False
82,0,3R4online,EMGd,-13584.460462643308,711.6407034985418,0,False
82,0,4R5online,EMGg,-9704.468410198078,578.9469078769597,0,False
82,0,4R5online,EMGd,-14182.893939522772,772.1567922458453,0,False
82,0,5R6online,EMGg,-10022.61787166588,528.7732353857771,0,False
82,0,5R6online,EMGd,-14655.310031664429,752.0017389203682,0,False
83,0,0R1acquisition,EMGg,-583.1865041056114,874.1719011475889,0,False
83,0,0R1acquisition,EMGd,-1319.3080548472356,2188.9968873878383,0,False
83,0,1R2acquisition,EMGg,1745.508295247279,569.3115130075129,0,False
83,0,1R2acquisition,EMGd,2121.4811512575648,618.4209371020302,0,False
83,0,2R3online,EMGg,3184.9228115376773,215.33362659777643,0,False
83,0,2R3online,EMGd,3774.053777840689,219.8858785121813,0,False
83,0,3R4online,EMGg,3404.9561183283367,234.93453875382772,0,False
83,0,3R4online,EMGd,4189.309007118868,265.8372817739564,0,False
83,0,4R5online,EMGg,3494.772204269826,207.67926917438243,0,False
83,0,4R5online,EMGd,4514.647917293916,213.45938924175744,0,False
83,0,5R6online,EMGg,3058.518126365321,197.7987063233136,0,False
83,0,5R6online,EMGd,4232.522082943879,203.15344452182083,0,False
84,0,0R1acquisition,EMGg,-1003.0895284540496,323.2728558306918,0,False
84,0,0R1acquisition,EMGd,-6436.54928598109,336.27565060365487,0,False
84,0,1R2acquisition,EMGg,-2192.873411636462,418.3864210081573,0,False
84,0,1R2acquisition,EMGd,-6467.19180577869,363.771245044453,0,False
84,0,2R3online,EMGg,-4010.805977910854,363.9798438011626,0,False
84,0,2R3online,EMGd,-7414.137919914052,487.078937273723,0,False
84,0,3R4online,EMGg,-5319.3082245358655,437.4029996155886,0,False
84,0,3R4online,EMGd,-7988.712762761064,585.3582237697992,0,False
84,0,4R5online,EMGg,-6379.107238630252,431.6108342535858,0,False
84,0,4R5online,EMGd,-8656.198108066983,558.521766471269,0,False
84,0,5R6online,EMGg,-7516.22221443323,508.1163852740448,0,False
84,0,5R6online,EMGd,-9385.701323558178,517.3738091867511,0,False
85,0,0R1acquisition,EMGg,-14841.974260992203,1916.6623290587877,0,False
85,0,0R1acquisition,EMGd,-10080.163754797317,1381.161281414154,0,False
85,0,1R2acquisition,EMGg,-16664.48505002659,3087.637111952587,0,False
85,0,1R2acquisition,EMGd,-12617.359103996198,2916.817062480454,0,False
85,0,2R3online,EMGg,-12660.068874723236,934.3533864855044,0,False
85,0,2R3online,EMGd,-7270.619184538041,952.6240493143677,0,False
85,0,3R4online,EMGg,-13297.429204904189,1709.5258261710503,0,False
85,0,3R4online,EMGd,-7874.104201544196,1567.8377680278998,0,False
85,0,4R5online,EMGg,-15396.839757912709,1773.2443398648204,0,False
85,0,4R5online,EMGd,-10110.480374605317,1888.8854416932045,0,False
85,0,5R6online,EMGg,-16350.670562220605,559.8417698954271,0,False
85,0,5R6online,EMGd,-12173.008958481336,578.6677466228256,0,False
86,0,0R1acquisition,EMGg,-5107.414241589641,783.8618697362808,0,False
86,0,0R1acquisition,EMGd,-3524.099463535641,1295.0418969891025,0,False
86,0,1R2acquisition,EMGg,-7162.052913443125,961.4693246787584,0,False
86,0,1R2acquisition,EMGd,-6301.410762988779,589.7523884740705,0,False
86,0,2R3online,EMGg,-9733.146812185088,576.3753535857122,0,False
86,0,2R3online,EMGd,-8411.003642716218,497.4453035871063,0,False
86,0,3R4online,EMGg,-10887.365472955576,672.9171651724188,0,False
86,0,3R4online,EMGd,-9562.566686544344,593.8081447609181,0,False
86,0,4R5online,EMGg,-12557.55644807829,685.6671540558023,0,False
86,0,4R5online,EMGd,-10728.198100988984,683.6314379420409,0,False
86,0,5R6online,EMGg,-13789.987112495275,841.1425354786995,0,False
86,0,5R6online,EMGd,-12502.67124622233,736.0087630451872,0,False
87,0,0R1acquisition,EMGg,-14338.737224920997,2623.50046676933,0,False
87,0,0R1acquisition,EMGd,-12474.609652678451,1099.5247081966193,0,False
87,0,1R2acquisition,EMGg,-13224.770789004404,5602.76670217324,0,False
87,0,1R2acquisition,EMGd,-11769.706850443708,1567.6904201837438,0,False
87,0,2R3online,EMGg,-12746.361215348856,1769.6801510656192,0,False
87,0,2R3online,EMGd,-12024.969024797396,866.1923545139528,0,False
87,0,3R4online,EMGg,-11743.894997599084,2412.335291009392,0,False
87,0,3R4online,EMGd,-12973.50730402523,1380.9563189501057,0,False
87,0,4R5online,EMGg,-10184.729827034518,1036.1522711776984,0,False
87,0,4R5online,EMGd,-12283.90205981186,633.2401668014614,0,False
87,0,5R6online,EMGg,-12739.837943990173,4261.68988807176,0,False
87,0,5R6online,EMGd,-14175.75043345048,1161.9682239520064,0,False
