subject,session,run,sfreq_Hz,n_samples,duration_seconds,n_channels,n_eeg,n_eog,n_emg,left_hand,right_hand,included_trial_windows,skipped_trial_windows
1,0,0R1acquisition,512.0,230400,450.0,32,27,3,2,20,20,40,0
1,0,1R2acquisition,512.0,230400,450.0,32,27,3,2,20,20,40,0
1,0,2R3online,512.0,230912,451.0,32,27,3,2,20,20,40,0
1,0,3R4online,512.0,230912,451.0,32,27,3,2,20,20,40,0
1,0,4R5online,512.0,230912,451.0,32,27,3,2,20,20,40,0
1,0,5R6online,512.0,230912,451.0,32,27,3,2,20,20,40,0
2,0,0R1acquisition,512.0,230912,451.0,32,27,3,2,20,20,40,0
2,0,1R2acquisition,512.0,230912,451.0,32,27,3,2,20,20,40,0
2,0,2R3online,512.0,230912,451.0,32,27,3,2,20,20,40,0
2,0,3R4online,512.0,230912,451.0,32,27,3,2,20,20,40,0
2,0,4R5online,512.0,230912,451.0,32,27,3,2,20,20,40,0
2,0,5R6online,512.0,230912,451.0,32,27,3,2,20,20,40,0
3,0,0R1acquisition,512.0,230912,451.0,32,27,3,2,20,20,40,0
3,0,1R2acquisition,512.0,230912,451.0,32,27,3,2,20,20,40,0
3,0,2R3online,512.0,230912,451.0,32,27,3,2,20,20,40,0
3,0,3R4online,512.0,230912,451.0,32,27,3,2,20,20,40,0
3,0,4R5online,512.0,230912,451.0,32,27,3,2,20,20,40,0
3,0,5R6online,512.0,230912,451.0,32,27,3,2,20,20,40,0
4,0,0R1acquisition,512.0,230912,451.0,32,27,3,2,20,20,40,0
4,0,1R2acquisition,512.0,230912,451.0,32,27,3,2,20,20,40,0
4,0,2R3online,512.0,230912,451.0,32,27,3,2,20,20,40,0
4,0,3R4online,512.0,230912,451.0,32,27,3,2,20,20,40,0
4,0,4R5online,512.0,230912,451.0,32,27,3,2,20,20,40,0
4,0,5R6online,512.0,230912,451.0,32,27,3,2,20,20,40,0
5,0,0R1acquisition,512.0,230912,451.0,32,27,3,2,20,20,40,0
5,0,1R2acquisition,512.0,230912,451.0,32,27,3,2,20,20,40,0
5,0,2R3online,512.0,230912,451.0,32,27,3,2,20,20,40,0
5,0,3R4online,512.0,230912,451.0,32,27,3,2,20,20,40,0
5,0,4R5online,512.0,230912,451.0,32,27,3,2,20,20,40,0
5,0,5R6online,512.0,234496,458.0,32,27,3,2,20,20,40,0
6,0,0R1acquisition,512.0,230912,451.0,32,27,3,2,20,20,40,0
6,0,1R2acquisition,512.0,230912,451.0,32,27,3,2,20,20,40,0
6,0,2R3online,512.0,230912,451.0,32,27,3,2,20,20,40,0
6,0,3R4online,512.0,230912,451.0,32,27,3,2,20,20,40,0
6,0,4R5online,512.0,230912,451.0,32,27,3,2,20,20,40,0
6,0,5R6online,512.0,230912,451.0,32,27,3,2,20,20,40,0
7,0,0R1acquisition,512.0,230912,451.0,32,27,3,2,20,20,40,0
7,0,1R2acquisition,512.0,230912,451.0,32,27,3,2,20,20,40,0
7,0,2R3online,512.0,230912,451.0,32,27,3,2,20,20,40,0
7,0,3R4online,512.0,230912,451.0,32,27,3,2,20,20,40,0
7,0,4R5online,512.0,230912,451.0,32,27,3,2,20,20,40,0
7,0,5R6online,512.0,230400,450.0,32,27,3,2,20,20,40,0
8,0,0R1acquisition,512.0,230912,451.0,32,27,3,2,20,20,40,0
8,0,1R2acquisition,512.0,230912,451.0,32,27,3,2,20,20,40,0
8,0,2R3online,512.0,230912,451.0,32,27,3,2,20,20,40,0
8,0,3R4online,512.0,230912,451.0,32,27,3,2,20,20,40,0
8,0,4R5online,512.0,230912,451.0,32,27,3,2,20,20,40,0
8,0,5R6online,512.0,230912,451.0,32,27,3,2,20,20,40,0
9,0,0R1acquisition,512.0,230912,451.0,32,27,3,2,20,20,40,0
9,0,1R2acquisition,512.0,230912,451.0,32,27,3,2,20,20,40,0
9,0,2R3online,512.0,230912,451.0,32,27,3,2,20,20,40,0
9,0,3R4online,512.0,230912,451.0,32,27,3,2,20,20,40,0
9,0,4R5online,512.0,230912,451.0,32,27,3,2,20,20,40,0
9,0,5R6online,512.0,230912,451.0,32,27,3,2,20,20,40,0
10,0,0R1acquisition,512.0,230912,451.0,32,27,3,2,20,20,40,0
10,0,1R2acquisition,512.0,230912,451.0,32,27,3,2,20,20,40,0
10,0,2R3online,512.0,230912,451.0,32,27,3,2,20,20,40,0
10,0,3R4online,512.0,230912,451.0,32,27,3,2,20,20,40,0
10,0,4R5online,512.0,230912,451.0,32,27,3,2,20,20,40,0
10,0,5R6online,512.0,230912,451.0,32,27,3,2,20,20,40,0
11,0,0R1acquisition,512.0,230912,451.0,32,27,3,2,20,20,40,0
11,0,1R2acquisition,512.0,230912,451.0,32,27,3,2,20,20,40,0
11,0,2R3online,512.0,230912,451.0,32,27,3,2,20,20,40,0
11,0,3R4online,512.0,230912,451.0,32,27,3,2,20,20,40,0
11,0,4R5online,512.0,230912,451.0,32,27,3,2,20,20,40,0
11,0,5R6online,512.0,230912,451.0,32,27,3,2,20,20,40,0
12,0,0R1acquisition,512.0,230912,451.0,32,27,3,2,20,20,40,0
12,0,1R2acquisition,512.0,230912,451.0,32,27,3,2,20,20,40,0
12,0,2R3online,512.0,232448,454.0,32,27,3,2,20,20,40,0
12,0,3R4online,512.0,230912,451.0,32,27,3,2,20,20,40,0
12,0,4R5online,512.0,230912,451.0,32,27,3,2,20,20,40,0
12,0,5R6online,512.0,230912,451.0,32,27,3,2,20,20,40,0
13,0,0R1acquisition,512.0,230912,451.0,32,27,3,2,20,20,40,0
13,0,1R2acquisition,512.0,230912,451.0,32,27,3,2,20,20,40,0
13,0,2R3online,512.0,230912,451.0,32,27,3,2,20,20,40,0
13,0,3R4online,512.0,230912,451.0,32,27,3,2,20,20,40,0
13,0,4R5online,512.0,230912,451.0,32,27,3,2,20,20,40,0
13,0,5R6online,512.0,230912,451.0,32,27,3,2,20,20,40,0
14,0,0R1acquisition,512.0,230912,451.0,32,27,3,2,20,20,40,0
14,0,1R2acquisition,512.0,230912,451.0,32,27,3,2,20,20,40,0
14,0,2R3online,512.0,230912,451.0,32,27,3,2,20,20,40,0
14,0,3R4online,512.0,230912,451.0,32,27,3,2,20,20,40,0
14,0,4R5online,512.0,230912,451.0,32,27,3,2,20,20,40,0
14,0,5R6online,512.0,230912,451.0,32,27,3,2,20,20,40,0
15,0,0R1acquisition,512.0,230912,451.0,32,27,3,2,20,20,40,0
15,0,1R2acquisition,512.0,230912,451.0,32,27,3,2,20,20,40,0
15,0,2R3online,512.0,230912,451.0,32,27,3,2,20,20,40,0
15,0,3R4online,512.0,230912,451.0,32,27,3,2,20,20,40,0
15,0,4R5online,512.0,230912,451.0,32,27,3,2,20,20,40,0
15,0,5R6online,512.0,230912,451.0,32,27,3,2,20,20,40,0
16,0,0R1acquisition,512.0,230912,451.0,32,27,3,2,20,20,40,0
16,0,1R2acquisition,512.0,230912,451.0,32,27,3,2,20,20,40,0
16,0,2R3online,512.0,230912,451.0,32,27,3,2,20,20,40,0
16,0,3R4online,512.0,230912,451.0,32,27,3,2,20,20,40,0
16,0,4R5online,512.0,230912,451.0,32,27,3,2,20,20,40,0
16,0,5R6online,512.0,230912,451.0,32,27,3,2,20,20,40,0
17,0,0R1acquisition,512.0,230912,451.0,32,27,3,2,20,20,40,0
17,0,1R2acquisition,512.0,230912,451.0,32,27,3,2,20,20,40,0
17,0,2R3online,512.0,230912,451.0,32,27,3,2,20,20,40,0
17,0,3R4online,512.0,230912,451.0,32,27,3,2,20,20,40,0
17,0,4R5online,512.0,230912,451.0,32,27,3,2,20,20,40,0
17,0,5R6online,512.0,230912,451.0,32,27,3,2,20,20,40,0
18,0,0R1acquisition,512.0,230912,451.0,32,27,3,2,20,20,40,0
18,0,1R2acquisition,512.0,230912,451.0,32,27,3,2,20,20,40,0
18,0,2R3online,512.0,230912,451.0,32,27,3,2,20,20,40,0
18,0,3R4online,512.0,230912,451.0,32,27,3,2,20,20,40,0
18,0,4R5online,512.0,230912,451.0,32,27,3,2,20,20,40,0
18,0,5R6online,512.0,230912,451.0,32,27,3,2,20,20,40,0
19,0,0R1acquisition,512.0,230912,451.0,32,27,3,2,20,20,40,0
19,0,1R2acquisition,512.0,230912,451.0,32,27,3,2,20,20,40,0
19,0,2R3online,512.0,230912,451.0,32,27,3,2,20,20,40,0
19,0,3R4online,512.0,230912,451.0,32,27,3,2,20,20,40,0
19,0,4R5online,512.0,230912,451.0,32,27,3,2,20,20,40,0
19,0,5R6online,512.0,230912,451.0,32,27,3,2,20,20,40,0
20,0,0R1acquisition,512.0,230912,451.0,32,27,3,2,20,20,40,0
20,0,1R2acquisition,512.0,230912,451.0,32,27,3,2,20,20,40,0
20,0,2R3online,512.0,230912,451.0,32,27,3,2,20,20,40,0
20,0,3R4online,512.0,230912,451.0,32,27,3,2,20,20,40,0
20,0,4R5online,512.0,230912,451.0,32,27,3,2,20,20,40,0
20,0,5R6online,512.0,230912,451.0,32,27,3,2,20,20,40,0
21,0,0R1acquisition,512.0,230912,451.0,32,27,3,2,20,20,40,0
21,0,1R2acquisition,512.0,230912,451.0,32,27,3,2,20,20,40,0
21,0,2R3online,512.0,230912,451.0,32,27,3,2,20,20,40,0
21,0,3R4online,512.0,230912,451.0,32,27,3,2,20,20,40,0
21,0,4R5online,512.0,230912,451.0,32,27,3,2,20,20,40,0
21,0,5R6online,512.0,230912,451.0,32,27,3,2,20,20,40,0
22,0,0R1acquisition,512.0,230912,451.0,32,27,3,2,20,20,40,0
22,0,1R2acquisition,512.0,230912,451.0,32,27,3,2,20,20,40,0
22,0,2R3online,512.0,229888,449.0,32,27,3,2,20,20,40,0
22,0,3R4online,512.0,227328,444.0,32,27,3,2,20,20,40,0
22,0,4R5online,512.0,230912,451.0,32,27,3,2,20,20,40,0
22,0,5R6online,512.0,230912,451.0,32,27,3,2,20,20,40,0
23,0,0R1acquisition,512.0,230912,451.0,32,27,3,2,20,20,40,0
23,0,1R2acquisition,512.0,230912,451.0,32,27,3,2,20,20,40,0
23,0,2R3online,512.0,230912,451.0,32,27,3,2,20,20,40,0
23,0,3R4online,512.0,230912,451.0,32,27,3,2,20,20,40,0
23,0,4R5online,512.0,230912,451.0,32,27,3,2,20,20,40,0
23,0,5R6online,512.0,230912,451.0,32,27,3,2,20,20,40,0
24,0,0R1acquisition,512.0,230912,451.0,32,27,3,2,20,20,40,0
24,0,1R2acquisition,512.0,230912,451.0,32,27,3,2,20,20,40,0
24,0,2R3online,512.0,230912,451.0,32,27,3,2,20,20,40,0
24,0,3R4online,512.0,230912,451.0,32,27,3,2,20,20,40,0
24,0,4R5online,512.0,230912,451.0,32,27,3,2,20,20,40,0
24,0,5R6online,512.0,230912,451.0,32,27,3,2,20,20,40,0
25,0,0R1acquisition,512.0,230912,451.0,32,27,3,2,20,20,40,0
25,0,1R2acquisition,512.0,229888,449.0,32,27,3,2,20,20,40,0
25,0,2R3online,512.0,230912,451.0,32,27,3,2,20,20,40,0
25,0,3R4online,512.0,230912,451.0,32,27,3,2,20,20,40,0
25,0,4R5online,512.0,230912,451.0,32,27,3,2,20,20,40,0
25,0,5R6online,512.0,230912,451.0,32,27,3,2,20,20,40,0
26,0,0R1acquisition,512.0,230912,451.0,32,27,3,2,20,20,40,0
26,0,1R2acquisition,512.0,230912,451.0,32,27,3,2,20,20,40,0
26,0,2R3online,512.0,230912,451.0,32,27,3,2,20,20,40,0
26,0,3R4online,512.0,230912,451.0,32,27,3,2,20,20,40,0
26,0,4R5online,512.0,230912,451.0,32,27,3,2,20,20,40,0
26,0,5R6online,512.0,230912,451.0,32,27,3,2,20,20,40,0
27,0,0R1acquisition,512.0,230400,450.0,32,27,3,2,20,20,40,0
27,0,1R2acquisition,512.0,230912,451.0,32,27,3,2,20,20,40,0
27,0,2R3online,512.0,230400,450.0,32,27,3,2,20,20,40,0
27,0,3R4online,512.0,230912,451.0,32,27,3,2,20,20,40,0
27,0,4R5online,512.0,229376,448.0,32,27,3,2,20,20,40,0
27,0,5R6online,512.0,230912,451.0,32,27,3,2,20,20,40,0
28,0,0R1acquisition,512.0,230912,451.0,32,27,3,2,20,20,40,0
28,0,1R2acquisition,512.0,230912,451.0,32,27,3,2,20,20,40,0
28,0,2R3online,512.0,230912,451.0,32,27,3,2,20,20,40,0
28,0,3R4online,512.0,230912,451.0,32,27,3,2,20,20,40,0
28,0,4R5online,512.0,230912,451.0,32,27,3,2,20,20,40,0
28,0,5R6online,512.0,230912,451.0,32,27,3,2,20,20,40,0
29,0,0R1acquisition,512.0,230912,451.0,32,27,3,2,20,20,40,0
29,0,1R2acquisition,512.0,230912,451.0,32,27,3,2,20,20,40,0
29,0,2R3online,512.0,230912,451.0,32,27,3,2,20,20,40,0
29,0,3R4online,512.0,230912,451.0,32,27,3,2,20,20,40,0
29,0,4R5online,512.0,230400,450.0,32,27,3,2,20,20,40,0
29,0,5R6online,512.0,230912,451.0,32,27,3,2,20,20,40,0
30,0,0R1acquisition,512.0,230912,451.0,32,27,3,2,20,20,40,0
30,0,1R2acquisition,512.0,230912,451.0,32,27,3,2,20,20,40,0
30,0,2R3online,512.0,230912,451.0,32,27,3,2,20,20,40,0
30,0,3R4online,512.0,230912,451.0,32,27,3,2,20,20,40,0
30,0,4R5online,512.0,230912,451.0,32,27,3,2,20,20,40,0
30,0,5R6online,512.0,230912,451.0,32,27,3,2,20,20,40,0
31,0,0R1acquisition,512.0,230912,451.0,32,27,3,2,20,20,40,0
31,0,1R2acquisition,512.0,230912,451.0,32,27,3,2,20,20,40,0
31,0,2R3online,512.0,230912,451.0,32,27,3,2,20,20,40,0
31,0,3R4online,512.0,230912,451.0,32,27,3,2,20,20,40,0
31,0,4R5online,512.0,230400,450.0,32,27,3,2,20,20,40,0
31,0,5R6online,512.0,230400,450.0,32,27,3,2,20,20,40,0
32,0,0R1acquisition,512.0,228864,447.0,32,27,3,2,20,20,40,0
32,0,1R2acquisition,512.0,228864,447.0,32,27,3,2,20,20,40,0
32,0,2R3online,512.0,228864,447.0,32,27,3,2,20,20,40,0
32,0,3R4online,512.0,230912,451.0,32,27,3,2,20,20,40,0
32,0,4R5online,512.0,230912,451.0,32,27,3,2,20,20,40,0
32,0,5R6online,512.0,230912,451.0,32,27,3,2,20,20,40,0
33,0,0R1acquisition,512.0,230400,450.0,32,27,3,2,20,20,40,0
33,0,1R2acquisition,512.0,229376,448.0,32,27,3,2,20,20,40,0
33,0,2R3online,512.0,230912,451.0,32,27,3,2,20,20,40,0
33,0,3R4online,512.0,230912,451.0,32,27,3,2,20,20,40,0
33,0,4R5online,512.0,230912,451.0,32,27,3,2,20,20,40,0
33,0,5R6online,512.0,230912,451.0,32,27,3,2,20,20,40,0
34,0,0R1acquisition,512.0,230912,451.0,32,27,3,2,20,20,40,0
34,0,1R2acquisition,512.0,230912,451.0,32,27,3,2,20,20,40,0
34,0,2R3online,512.0,230912,451.0,32,27,3,2,20,20,40,0
34,0,3R4online,512.0,230912,451.0,32,27,3,2,20,20,40,0
34,0,4R5online,512.0,230912,451.0,32,27,3,2,20,20,40,0
34,0,5R6online,512.0,230912,451.0,32,27,3,2,20,20,40,0
35,0,0R1acquisition,512.0,230912,451.0,32,27,3,2,20,20,40,0
35,0,1R2acquisition,512.0,230912,451.0,32,27,3,2,20,20,40,0
35,0,2R3online,512.0,230912,451.0,32,27,3,2,20,20,40,0
35,0,3R4online,512.0,230912,451.0,32,27,3,2,20,20,40,0
35,0,4R5online,512.0,230912,451.0,32,27,3,2,20,20,40,0
35,0,5R6online,512.0,230912,451.0,32,27,3,2,20,20,40,0
36,0,0R1acquisition,512.0,230912,451.0,32,27,3,2,20,20,40,0
36,0,1R2acquisition,512.0,230912,451.0,32,27,3,2,20,20,40,0
36,0,2R3online,512.0,230912,451.0,32,27,3,2,20,20,40,0
36,0,3R4online,512.0,230912,451.0,32,27,3,2,20,20,40,0
36,0,4R5online,512.0,230912,451.0,32,27,3,2,20,20,40,0
36,0,5R6online,512.0,230912,451.0,32,27,3,2,20,20,40,0
37,0,0R1acquisition,512.0,230912,451.0,32,27,3,2,20,20,40,0
37,0,1R2acquisition,512.0,230912,451.0,32,27,3,2,20,20,40,0
37,0,2R3online,512.0,230912,451.0,32,27,3,2,20,20,40,0
37,0,3R4online,512.0,230912,451.0,32,27,3,2,20,20,40,0
37,0,4R5online,512.0,230912,451.0,32,27,3,2,20,20,40,0
37,0,5R6online,512.0,230912,451.0,32,27,3,2,20,20,40,0
38,0,0R1acquisition,512.0,230912,451.0,32,27,3,2,20,20,40,0
38,0,1R2acquisition,512.0,230912,451.0,32,27,3,2,20,20,40,0
38,0,2R3online,512.0,230912,451.0,32,27,3,2,20,20,40,0
38,0,3R4online,512.0,230912,451.0,32,27,3,2,20,20,40,0
38,0,4R5online,512.0,230912,451.0,32,27,3,2,20,20,40,0
38,0,5R6online,512.0,230912,451.0,32,27,3,2,20,20,40,0
39,0,0R1acquisition,512.0,230912,451.0,32,27,3,2,20,20,40,0
39,0,1R2acquisition,512.0,230912,451.0,32,27,3,2,20,20,40,0
39,0,2R3online,512.0,230912,451.0,32,27,3,2,20,20,40,0
39,0,3R4online,512.0,230912,451.0,32,27,3,2,20,20,40,0
39,0,4R5online,512.0,230912,451.0,32,27,3,2,20,20,40,0
39,0,5R6online,512.0,230912,451.0,32,27,3,2,20,20,40,0
40,0,0R1acquisition,512.0,230912,451.0,32,27,3,2,20,20,40,0
40,0,1R2acquisition,512.0,230912,451.0,32,27,3,2,20,20,40,0
40,0,2R3online,512.0,181248,354.0,32,27,3,2,14,18,32,0
40,0,3R4online,512.0,230912,451.0,32,27,3,2,20,20,40,0
40,0,4R5online,512.0,230912,451.0,32,27,3,2,20,20,40,0
40,0,5R6online,512.0,230912,451.0,32,27,3,2,20,20,40,0
41,0,0R1acquisition,512.0,230912,451.0,32,27,3,2,20,20,40,0
41,0,1R2acquisition,512.0,230912,451.0,32,27,3,2,20,20,40,0
41,0,2R3online,512.0,230912,451.0,32,27,3,2,20,20,40,0
41,0,3R4online,512.0,230912,451.0,32,27,3,2,20,20,40,0
41,0,4R5online,512.0,230912,451.0,32,27,3,2,20,20,40,0
41,0,5R6online,512.0,230912,451.0,32,27,3,2,20,20,40,0
42,0,0R1acquisition,512.0,230912,451.0,32,27,3,2,20,20,40,0
42,0,1R2acquisition,512.0,230912,451.0,32,27,3,2,20,20,40,0
42,0,2R3online,512.0,230912,451.0,32,27,3,2,20,20,40,0
42,0,3R4online,512.0,230912,451.0,32,27,3,2,20,20,40,0
42,0,4R5online,512.0,230912,451.0,32,27,3,2,20,20,40,0
42,0,5R6online,512.0,230912,451.0,32,27,3,2,20,20,40,0
43,0,0R1acquisition,512.0,230912,451.0,32,27,3,2,20,20,40,0
43,0,1R2acquisition,512.0,229888,449.0,32,27,3,2,20,20,40,0
43,0,2R3online,512.0,230400,450.0,32,27,3,2,20,20,40,0
43,0,3R4online,512.0,229888,449.0,32,27,3,2,20,20,40,0
43,0,4R5online,512.0,230912,451.0,32,27,3,2,20,20,40,0
43,0,5R6online,512.0,230912,451.0,32,27,3,2,20,20,40,0
44,0,0R1acquisition,512.0,230912,451.0,32,27,3,2,20,20,40,0
44,0,1R2acquisition,512.0,230912,451.0,32,27,3,2,20,20,40,0
44,0,2R3online,512.0,230912,451.0,32,27,3,2,20,20,40,0
44,0,3R4online,512.0,230912,451.0,32,27,3,2,20,20,40,0
44,0,4R5online,512.0,230912,451.0,32,27,3,2,20,20,40,0
44,0,5R6online,512.0,230912,451.0,32,27,3,2,20,20,40,0
45,0,0R1acquisition,512.0,230912,451.0,32,27,3,2,20,20,40,0
45,0,1R2acquisition,512.0,230912,451.0,32,27,3,2,20,20,40,0
45,0,2R3online,512.0,230912,451.0,32,27,3,2,20,20,40,0
45,0,3R4online,512.0,230912,451.0,32,27,3,2,20,20,40,0
45,0,4R5online,512.0,229888,449.0,32,27,3,2,20,20,40,0
45,0,5R6online,512.0,230912,451.0,32,27,3,2,20,20,40,0
46,0,0R1acquisition,512.0,230912,451.0,32,27,3,2,20,20,40,0
46,0,1R2acquisition,512.0,230912,451.0,32,27,3,2,20,20,40,0
46,0,2R3online,512.0,230912,451.0,32,27,3,2,20,20,40,0
46,0,3R4online,512.0,230912,451.0,32,27,3,2,20,20,40,0
46,0,4R5online,512.0,230912,451.0,32,27,3,2,20,20,40,0
46,0,5R6online,512.0,230912,451.0,32,27,3,2,20,20,40,0
47,0,0R1acquisition,512.0,230912,451.0,32,27,3,2,20,20,40,0
47,0,1R2acquisition,512.0,230912,451.0,32,27,3,2,20,20,40,0
47,0,2R3online,512.0,230912,451.0,32,27,3,2,20,20,40,0
47,0,3R4online,512.0,230912,451.0,32,27,3,2,20,20,40,0
47,0,4R5online,512.0,230912,451.0,32,27,3,2,20,20,40,0
47,0,5R6online,512.0,230912,451.0,32,27,3,2,20,20,40,0
48,0,0R1acquisition,512.0,228352,446.0,32,27,3,2,20,20,40,0
48,0,1R2acquisition,512.0,230912,451.0,32,27,3,2,20,20,40,0
48,0,2R3online,512.0,229888,449.0,32,27,3,2,20,20,40,0
48,0,3R4online,512.0,230912,451.0,32,27,3,2,20,20,40,0
48,0,4R5online,512.0,228864,447.0,32,27,3,2,20,20,40,0
48,0,5R6online,512.0,229376,448.0,32,27,3,2,20,20,40,0
49,0,0R1acquisition,512.0,230912,451.0,32,27,3,2,20,20,40,0
49,0,1R2acquisition,512.0,230912,451.0,32,27,3,2,20,20,40,0
49,0,2R3online,512.0,230912,451.0,32,27,3,2,20,20,40,0
49,0,3R4online,512.0,230912,451.0,32,27,3,2,20,20,40,0
49,0,4R5online,512.0,230912,451.0,32,27,3,2,20,20,40,0
49,0,5R6online,512.0,230912,451.0,32,27,3,2,20,20,40,0
50,0,0R1acquisition,512.0,230912,451.0,32,27,3,2,20,20,40,0
50,0,1R2acquisition,512.0,230912,451.0,32,27,3,2,20,20,40,0
50,0,2R3online,512.0,230912,451.0,32,27,3,2,20,20,40,0
50,0,3R4online,512.0,230912,451.0,32,27,3,2,20,20,40,0
50,0,4R5online,512.0,230912,451.0,32,27,3,2,20,20,40,0
50,0,5R6online,512.0,230912,451.0,32,27,3,2,20,20,40,0
51,0,0R1acquisition,512.0,230912,451.0,32,27,3,2,20,20,40,0
51,0,1R2acquisition,512.0,230912,451.0,32,27,3,2,20,20,40,0
51,0,2R3online,512.0,230912,451.0,32,27,3,2,20,20,40,0
51,0,3R4online,512.0,230912,451.0,32,27,3,2,20,20,40,0
51,0,4R5online,512.0,230912,451.0,32,27,3,2,20,20,40,0
51,0,5R6online,512.0,230912,451.0,32,27,3,2,20,20,40,0
52,0,0R1acquisition,512.0,230912,451.0,32,27,3,2,20,20,40,0
52,0,1R2acquisition,512.0,230912,451.0,32,27,3,2,20,20,40,0
52,0,2R3online,512.0,230912,451.0,32,27,3,2,20,20,40,0
52,0,3R4online,512.0,230912,451.0,32,27,3,2,20,20,40,0
52,0,4R5online,512.0,230912,451.0,32,27,3,2,20,20,40,0
52,0,5R6online,512.0,230912,451.0,32,27,3,2,20,20,40,0
53,0,0R1acquisition,512.0,230912,451.0,32,27,3,2,20,20,40,0
53,0,1R2acquisition,512.0,230912,451.0,32,27,3,2,20,20,40,0
53,0,2R3online,512.0,230912,451.0,32,27,3,2,20,20,40,0
53,0,3R4online,512.0,230912,451.0,32,27,3,2,20,20,40,0
53,0,4R5online,512.0,230912,451.0,32,27,3,2,20,20,40,0
53,0,5R6online,512.0,230912,451.0,32,27,3,2,20,20,40,0
54,0,0R1acquisition,512.0,230912,451.0,32,27,3,2,20,20,40,0
54,0,1R2acquisition,512.0,230912,451.0,32,27,3,2,20,20,40,0
54,0,2R3online,512.0,230912,451.0,32,27,3,2,20,20,40,0
54,0,3R4online,512.0,230912,451.0,32,27,3,2,20,20,40,0
54,0,4R5online,512.0,230912,451.0,32,27,3,2,20,20,40,0
54,0,5R6online,512.0,230912,451.0,32,27,3,2,20,20,40,0
55,0,0R1acquisition,512.0,230912,451.0,32,27,3,2,20,20,40,0
55,0,1R2acquisition,512.0,230912,451.0,32,27,3,2,20,20,40,0
55,0,2R3online,512.0,230912,451.0,32,27,3,2,20,20,40,0
55,0,3R4online,512.0,230912,451.0,32,27,3,2,20,20,40,0
55,0,4R5online,512.0,230912,451.0,32,27,3,2,20,20,40,0
55,0,5R6online,512.0,230912,451.0,32,27,3,2,20,20,40,0
56,0,0R1acquisition,512.0,230912,451.0,32,27,3,2,20,20,40,0
56,0,1R2acquisition,512.0,230912,451.0,32,27,3,2,20,20,40,0
56,0,2R3online,512.0,230912,451.0,32,27,3,2,20,20,40,0
56,0,3R4online,512.0,230912,451.0,32,27,3,2,20,20,40,0
56,0,4R5online,512.0,230912,451.0,32,27,3,2,20,20,40,0
56,0,5R6online,512.0,230912,451.0,32,27,3,2,20,20,40,0
57,0,0R1acquisition,512.0,230912,451.0,32,27,3,2,20,20,40,0
57,0,1R2acquisition,512.0,230912,451.0,32,27,3,2,20,20,40,0
57,0,2R3online,512.0,230912,451.0,32,27,3,2,20,20,40,0
57,0,3R4online,512.0,230912,451.0,32,27,3,2,20,20,40,0
57,0,4R5online,512.0,230912,451.0,32,27,3,2,20,20,40,0
57,0,5R6online,512.0,230912,451.0,32,27,3,2,20,20,40,0
58,0,0R1acquisition,512.0,230912,451.0,32,27,3,2,20,20,40,0
58,0,1R2acquisition,512.0,230912,451.0,32,27,3,2,20,20,40,0
58,0,2R3online,512.0,230912,451.0,32,27,3,2,20,20,40,0
58,0,3R4online,512.0,230912,451.0,32,27,3,2,20,20,40,0
58,0,4R5online,512.0,230912,451.0,32,27,3,2,20,20,40,0
58,0,5R6online,512.0,230912,451.0,32,27,3,2,20,20,40,0
59,0,0R1acquisition,512.0,230912,451.0,32,27,3,2,20,20,40,0
59,0,1R2acquisition,512.0,229888,449.0,32,27,3,2,20,20,40,0
59,0,2R3online,512.0,230912,451.0,32,27,3,2,20,20,40,0
59,0,3R4online,512.0,230912,451.0,32,27,3,2,20,20,40,0
60,0,0R1acquisition,512.0,230912,451.0,32,27,3,2,20,20,40,0
60,0,1R2acquisition,512.0,230912,451.0,32,27,3,2,20,20,40,0
60,0,2R3online,512.0,230912,451.0,32,27,3,2,20,20,40,0
60,0,3R4online,512.0,230912,451.0,32,27,3,2,20,20,40,0
60,0,4R5online,512.0,230912,451.0,32,27,3,2,20,20,40,0
60,0,5R6online,512.0,230912,451.0,32,27,3,2,20,20,40,0
61,0,0R1acquisition,512.0,210432,411.0,32,27,3,2,20,20,40,0
61,0,1R2acquisition,512.0,210432,411.0,32,27,3,2,20,20,40,0
61,0,2R3online,512.0,210432,411.0,32,27,3,2,20,20,40,0
61,0,3R4online,512.0,210432,411.0,32,27,3,2,20,20,40,0
61,0,4R5online,512.0,210432,411.0,32,27,3,2,20,20,40,0
61,0,5R6online,512.0,210432,411.0,32,27,3,2,20,20,40,0
62,0,0R1acquisition,512.0,210432,411.0,32,27,3,2,20,20,40,0
62,0,1R2acquisition,512.0,210432,411.0,32,27,3,2,20,20,40,0
62,0,2R3online,512.0,210432,411.0,32,27,3,2,20,20,40,0
62,0,3R4online,512.0,210432,411.0,32,27,3,2,20,20,40,0
62,0,4R5online,512.0,210432,411.0,32,27,3,2,20,20,40,0
62,0,5R6online,512.0,210432,411.0,32,27,3,2,20,20,40,0
63,0,0R1acquisition,512.0,210432,411.0,32,27,3,2,20,20,40,0
63,0,1R2acquisition,512.0,210432,411.0,32,27,3,2,20,20,40,0
63,0,2R3online,512.0,210432,411.0,32,27,3,2,20,20,40,0
63,0,3R4online,512.0,210432,411.0,32,27,3,2,20,20,40,0
63,0,4R5online,512.0,210432,411.0,32,27,3,2,20,20,40,0
63,0,5R6online,512.0,210432,411.0,32,27,3,2,20,20,40,0
64,0,0R1acquisition,512.0,210432,411.0,32,27,3,2,20,20,40,0
64,0,1R2acquisition,512.0,210432,411.0,32,27,3,2,20,20,40,0
64,0,2R3online,512.0,210432,411.0,32,27,3,2,20,20,40,0
64,0,3R4online,512.0,210432,411.0,32,27,3,2,20,20,40,0
64,0,4R5online,512.0,210432,411.0,32,27,3,2,20,20,40,0
64,0,5R6online,512.0,210432,411.0,32,27,3,2,20,20,40,0
65,0,0R1acquisition,512.0,210432,411.0,32,27,3,2,20,20,40,0
65,0,1R2acquisition,512.0,210432,411.0,32,27,3,2,20,20,40,0
65,0,2R3online,512.0,210432,411.0,32,27,3,2,20,20,40,0
65,0,3R4online,512.0,210432,411.0,32,27,3,2,20,20,40,0
65,0,4R5online,512.0,210432,411.0,32,27,3,2,20,20,40,0
65,0,5R6online,512.0,210432,411.0,32,27,3,2,20,20,40,0
66,0,0R1acquisition,512.0,210432,411.0,32,27,3,2,20,20,40,0
66,0,1R2acquisition,512.0,210432,411.0,32,27,3,2,20,20,40,0
66,0,2R3online,512.0,261632,511.0,32,27,3,2,20,20,40,0
66,0,3R4online,512.0,210432,411.0,32,27,3,2,20,20,40,0
66,0,4R5online,512.0,210432,411.0,32,27,3,2,20,20,40,0
66,0,5R6online,512.0,210432,411.0,32,27,3,2,20,20,40,0
67,0,0R1acquisition,512.0,210432,411.0,32,27,3,2,20,20,40,0
67,0,1R2acquisition,512.0,210432,411.0,32,27,3,2,20,20,40,0
67,0,2R3online,512.0,210432,411.0,32,27,3,2,20,20,40,0
67,0,3R4online,512.0,210432,411.0,32,27,3,2,20,20,40,0
67,0,4R5online,512.0,210432,411.0,32,27,3,2,20,20,40,0
67,0,5R6online,512.0,210432,411.0,32,27,3,2,20,20,40,0
68,0,0R1acquisition,512.0,210432,411.0,32,27,3,2,20,20,40,0
68,0,1R2acquisition,512.0,210432,411.0,32,27,3,2,20,20,40,0
68,0,2R3online,512.0,210432,411.0,32,27,3,2,20,20,40,0
68,0,3R4online,512.0,210432,411.0,32,27,3,2,20,20,40,0
68,0,4R5online,512.0,210432,411.0,32,27,3,2,20,20,40,0
68,0,5R6online,512.0,210432,411.0,32,27,3,2,20,20,40,0
69,0,0R1acquisition,512.0,210432,411.0,32,27,3,2,20,20,40,0
69,0,1R2acquisition,512.0,210432,411.0,32,27,3,2,20,20,40,0
69,0,2R3online,512.0,210432,411.0,32,27,3,2,20,20,40,0
69,0,3R4online,512.0,210432,411.0,32,27,3,2,20,20,40,0
69,0,4R5online,512.0,210432,411.0,32,27,3,2,20,20,40,0
69,0,5R6online,512.0,210432,411.0,32,27,3,2,20,20,40,0
70,0,0R1acquisition,512.0,210432,411.0,32,27,3,2,20,20,40,0
70,0,1R2acquisition,512.0,210432,411.0,32,27,3,2,20,20,40,0
70,0,2R3online,512.0,210432,411.0,32,27,3,2,20,20,40,0
70,0,3R4online,512.0,210432,411.0,32,27,3,2,20,20,40,0
70,0,4R5online,512.0,210432,411.0,32,27,3,2,20,20,40,0
70,0,5R6online,512.0,210432,411.0,32,27,3,2,20,20,40,0
71,0,0R1acquisition,512.0,210432,411.0,32,27,3,2,20,20,40,0
71,0,1R2acquisition,512.0,210432,411.0,32,27,3,2,20,20,40,0
71,0,2R3online,512.0,210432,411.0,32,27,3,2,20,20,40,0
71,0,3R4online,512.0,210432,411.0,32,27,3,2,20,20,40,0
71,0,4R5online,512.0,210432,411.0,32,27,3,2,20,20,40,0
71,0,5R6online,512.0,210432,411.0,32,27,3,2,20,20,40,0
72,0,0R1acquisition,512.0,210432,411.0,32,27,3,2,20,20,40,0
72,0,1R2acquisition,512.0,210432,411.0,32,27,3,2,20,20,40,0
72,0,2R3online,512.0,210432,411.0,32,27,3,2,20,20,40,0
72,0,3R4online,512.0,210432,411.0,32,27,3,2,20,20,40,0
72,0,4R5online,512.0,210432,411.0,32,27,3,2,20,20,40,0
72,0,5R6online,512.0,210432,411.0,32,27,3,2,20,20,40,0
73,0,0R1acquisition,512.0,210432,411.0,32,27,3,2,20,20,40,0
73,0,1R2acquisition,512.0,210432,411.0,32,27,3,2,20,20,40,0
73,0,2R3online,512.0,210432,411.0,32,27,3,2,20,20,40,0
73,0,3R4online,512.0,210432,411.0,32,27,3,2,20,20,40,0
73,0,4R5online,512.0,210432,411.0,32,27,3,2,20,20,40,0
73,0,5R6online,512.0,210432,411.0,32,27,3,2,20,20,40,0
74,0,0R1acquisition,512.0,210432,411.0,32,27,3,2,20,20,40,0
74,0,1R2acquisition,512.0,210432,411.0,32,27,3,2,20,20,40,0
74,0,2R3online,512.0,210432,411.0,32,27,3,2,20,20,40,0
74,0,3R4online,512.0,210432,411.0,32,27,3,2,20,20,40,0
74,0,4R5online,512.0,210432,411.0,32,27,3,2,20,20,40,0
74,0,5R6online,512.0,210432,411.0,32,27,3,2,20,20,40,0
75,0,0R1acquisition,512.0,210432,411.0,32,27,3,2,20,20,40,0
75,0,1R2acquisition,512.0,210432,411.0,32,27,3,2,20,20,40,0
75,0,2R3online,512.0,210432,411.0,32,27,3,2,20,20,40,0
75,0,3R4online,512.0,210432,411.0,32,27,3,2,20,20,40,0
75,0,4R5online,512.0,210432,411.0,32,27,3,2,20,20,40,0
75,0,5R6online,512.0,210432,411.0,32,27,3,2,20,20,40,0
76,0,0R1acquisition,512.0,210432,411.0,32,27,3,2,20,20,40,0
76,0,1R2acquisition,512.0,210432,411.0,32,27,3,2,20,20,40,0
76,0,2R3online,512.0,210432,411.0,32,27,3,2,20,20,40,0
76,0,3R4online,512.0,210432,411.0,32,27,3,2,20,20,40,0
76,0,4R5online,512.0,210432,411.0,32,27,3,2,20,20,40,0
76,0,5R6online,512.0,210432,411.0,32,27,3,2,20,20,40,0
77,0,0R1acquisition,512.0,210432,411.0,32,27,3,2,20,20,40,0
77,0,1R2acquisition,512.0,210432,411.0,32,27,3,2,20,20,40,0
77,0,2R3online,512.0,210432,411.0,32,27,3,2,20,20,40,0
77,0,3R4online,512.0,210432,411.0,32,27,3,2,20,20,40,0
77,0,4R5online,512.0,210432,411.0,32,27,3,2,20,20,40,0
77,0,5R6online,512.0,210432,411.0,32,27,3,2,20,20,40,0
78,0,0R1acquisition,512.0,210432,411.0,32,27,3,2,20,20,40,0
78,0,1R2acquisition,512.0,210432,411.0,32,27,3,2,20,20,40,0
78,0,2R3online,512.0,210432,411.0,32,27,3,2,20,20,40,0
78,0,3R4online,512.0,210432,411.0,32,27,3,2,20,20,40,0
78,0,4R5online,512.0,210432,411.0,32,27,3,2,20,20,40,0
78,0,5R6online,512.0,210432,411.0,32,27,3,2,20,20,40,0
79,0,0R1acquisition,512.0,210432,411.0,32,27,3,2,20,20,40,0
79,0,1R2acquisition,512.0,210432,411.0,32,27,3,2,20,20,40,0
79,0,2R3online,512.0,210432,411.0,32,27,3,2,20,20,40,0
79,0,3R4online,512.0,210432,411.0,32,27,3,2,20,20,40,0
79,0,4R5online,512.0,210432,411.0,32,27,3,2,20,20,40,0
79,0,5R6online,512.0,210432,411.0,32,27,3,2,20,20,40,0
80,0,0R1acquisition,512.0,210432,411.0,32,27,3,2,20,20,40,0
80,0,1R2acquisition,512.0,210432,411.0,32,27,3,2,20,20,40,0
80,0,2R3online,512.0,210432,411.0,32,27,3,2,20,20,40,0
80,0,3R4online,512.0,210432,411.0,32,27,3,2,20,20,40,0
80,0,4R5online,512.0,210432,411.0,32,27,3,2,20,20,40,0
80,0,5R6online,512.0,210432,411.0,32,27,3,2,20,20,40,0
81,0,0R1acquisition,512.0,210432,411.0,32,27,3,2,20,20,40,0
81,0,1R2acquisition,512.0,210432,411.0,32,27,3,2,20,20,40,0
81,0,2R3online,512.0,210432,411.0,32,27,3,2,20,20,40,0
81,0,3R4online,512.0,210432,411.0,32,27,3,2,20,20,40,0
81,0,4R5online,512.0,210432,411.0,32,27,3,2,20,20,40,0
81,0,5R6online,512.0,210432,411.0,32,27,3,2,20,20,40,0
82,0,0R1acquisition,512.0,210432,411.0,32,27,3,2,20,20,40,0
82,0,1R2acquisition,512.0,210432,411.0,32,27,3,2,20,20,40,0
82,0,2R3online,512.0,210432,411.0,32,27,3,2,20,20,40,0
82,0,3R4online,512.0,210432,411.0,32,27,3,2,20,20,40,0
82,0,4R5online,512.0,210432,411.0,32,27,3,2,20,20,40,0
82,0,5R6online,512.0,210432,411.0,32,27,3,2,20,20,40,0
83,0,0R1acquisition,512.0,231424,452.0,32,27,3,2,20,20,40,0
83,0,1R2acquisition,512.0,231424,452.0,32,27,3,2,20,20,40,0
83,0,2R3online,512.0,231424,452.0,32,27,3,2,20,20,40,0
83,0,3R4online,512.0,231424,452.0,32,27,3,2,20,20,40,0
83,0,4R5online,512.0,231424,452.0,32,27,3,2,20,20,40,0
83,0,5R6online,512.0,231424,452.0,32,27,3,2,20,20,40,0
84,0,0R1acquisition,512.0,210432,411.0,32,27,3,2,20,20,40,0
84,0,1R2acquisition,512.0,210432,411.0,32,27,3,2,20,20,40,0
84,0,2R3online,512.0,210432,411.0,32,27,3,2,20,20,40,0
84,0,3R4online,512.0,210432,411.0,32,27,3,2,20,20,40,0
84,0,4R5online,512.0,210432,411.0,32,27,3,2,20,20,40,0
84,0,5R6online,512.0,210432,411.0,32,27,3,2,20,20,40,0
85,0,0R1acquisition,512.0,230912,451.0,32,27,3,2,20,20,40,0
85,0,1R2acquisition,512.0,230912,451.0,32,27,3,2,20,20,40,0
85,0,2R3online,512.0,230912,451.0,32,27,3,2,20,20,40,0
85,0,3R4online,512.0,230400,450.0,32,27,3,2,20,20,40,0
85,0,4R5online,512.0,230912,451.0,32,27,3,2,20,20,40,0
85,0,5R6online,512.0,230400,450.0,32,27,3,2,20,20,40,0
86,0,0R1acquisition,512.0,210432,411.0,32,27,3,2,20,20,40,0
86,0,1R2acquisition,512.0,210432,411.0,32,27,3,2,20,20,40,0
86,0,2R3online,512.0,210432,411.0,32,27,3,2,20,20,40,0
86,0,3R4online,512.0,210432,411.0,32,27,3,2,20,20,40,0
86,0,4R5online,512.0,210432,411.0,32,27,3,2,20,20,40,0
86,0,5R6online,512.0,210432,411.0,32,27,3,2,20,20,40,0
87,0,0R1acquisition,512.0,210432,411.0,32,27,3,2,20,20,40,0
87,0,1R2acquisition,512.0,210432,411.0,32,27,3,2,20,20,40,0
87,0,2R3online,512.0,210432,411.0,32,27,3,2,20,20,40,0
87,0,3R4online,512.0,210432,411.0,32,27,3,2,20,20,40,0
87,0,4R5online,512.0,210432,411.0,32,27,3,2,20,20,40,0
87,0,5R6online,512.0,210432,411.0,32,27,3,2,20,20,40,0
